"Path","Ext","Bytes","Reachable","Guid"
"Assets\Prefabs\GameTokens\Shrine Token.prefab",".prefab","4495","True","dfb87a6b2c2fe8344b4588e818476e86"
"Assets\Scripts\Managers\Commands\TeleportCommand.cs",".cs","1429","True","1060716ce381e6b4f9f47aedd974d00b"
"Assets\Scripts\ScriptableObjectData\Non-Player\Dungeons\Derelict Tower.asset",".asset","817","True","843943e1d0558f2459d1bed3375a8b07"
"Assets\Images\Simple Fantasy GUI\PNG\Character Bar\Character_Box.png",".png","22824","False","f07e17d8dc5732646b3ec49fce870411"
"Assets\Terrain Tile Hex Samples\Hex Samples\hexPlains01.png",".png","98968","True","73dcbf0d70c5fc74488bba6520cd800c"
"Assets\Scripts\HexTooltip\HexDescriptor.cs",".cs","618","True","501799e551cd943459708d3e2691b639"
"Assets\Images\Tiny Swords\Units\Black Units\Lancer\Lancer Black Animations\Lancer_ DownRight_Attack_Black.anim",".anim","2218","False","2a1da9682201c4443982305da8349e83"
"Assets\Images\Tiny Swords\Units\Yellow Units\Monk\Idle.png",".png","6535","False","d69e3be544b764174a6deb465428148d"
"Assets\Scripts\ScriptableObjectData\Player\Cards\Defending Blow.asset",".asset","1076","True","fee3f75200346d140802c0770ce31dbb"
"Assets\Tests\EditMode\EnemyTraitCopyTests.cs",".cs","5424","True","a802e674706e4091bcb9e0d5c23f6e67"
"Assets\Scripts\GameEvents\Events\CommandEvents\OnPlay_SendAttackCommandInformationToUndoButton.asset",".asset","436","False","1c6f9096830348142b8be3162f67a6f0"
"Assets\Scripts\GameObjectScripts\TownMenuScripts\RecruitPanel.cs",".cs","3525","True","da9f11d8f16784f42841232a664056f3"
"Assets\Images\Tiny Swords\Units\Red Units\Warrior\Warrior_Attack2.png",".png","8933","False","6f8ff723d07324cb097b6509d12dbdfa"
"Assets\Scripts\GameEvents\Listener\PlayerHandListener.cs",".cs","194","True","17556ca88ed14114c88e9df216bd26c4"
"Assets\Images\Flat 2D Weapons\Art\PNG\1. Collection\512\4. Button.png",".png","39572","True","f19341fa9e2d2f640a2750c72c71a3b9"
"Assets\Scripts\ExtensionClass.cs",".cs","321","True","caa1870f63aeb084e8370f835d697c4f"
"Assets\Prefabs\PlayerDeck.prefab",".prefab","9691","True","6aa5c23f997240548a95d57c54ca30de"
"Assets\Images\Simple Fantasy GUI\PNG\Icons\Plus_Icon.png",".png","1021","False","ea4a9c4889157964ea64778839d97680"
"Assets\Scripts\Tutorial\Tips\town.asset",".asset","634","True","2342e7a65712fcf45b0402daa849a121"
"Assets\Images\Tiny Swords\Units\Purple Units\Lancer\Lancer_Run.png",".png","11182","False","e645c16eaf0814575b2f6a0884376606"
"Assets\Scripts\GameObjectScripts\GameBoardObjects\EnemyCardIdleSway.cs",".cs","1451","True","b9fb8005368514a4481821436e9118ec"
"Assets\TileMap\hexJungle00.asset",".asset","774","False","131779a09aa173049b6d0694fe97860d"
"Assets\Scripts\CardPlay\HealRules.cs",".cs","574","True","54614e50538fa9941b7392375133c491"
"Assets\Images\Tiny Swords\Units\Purple Units\Lancer\Lancer Purple Animations\Lancer_Purple.controller",".controller","10999","False","07a95c332f29b4855ba1a665077ef01f"
"Assets\Plugins\Demigiant\DOTween\Editor\Imgs\Header.jpg",".jpg","22787","False","78a59ca99f8987941adb61f9e14a06a7"
"Assets\Tests\EditMode\UnitPlaySelectionTests.cs",".cs","3137","True","bb10ac14698543746a48ac7dd2f591a4"
"Assets\Images\Tiny Swords\Units\Black Units\Lancer\Lancer Black Animations\Lancer_Black.controller",".controller","10990","False","4e5ce80d18b09468aafecaf19ca22535"
"Assets\Scripts\GameEvents\Listener\SkillListener.cs",".cs","96","True","f0897c6eae7fd5740af67248e5bd48fd"
"Assets\Scripts\ScriptableObjectData\Player\Cards\Bulwark.asset",".asset","1001","True","815e09b3ff4e4ccdada412c09f980287"
"Assets\Images\Flat 2D Weapons\Art\PNG\1. Collection\128\8. Knives.png",".png","7273","False","76423be0f0fa7f641acbedc1f14faf2c"
"Assets\Images\Images\SkeletalMage.png",".png","2509","True","9e2c8285b55b7de4d8f8f39d9785eaef"
"Assets\Scripts\GameEvents\Events\Card Events\OnImprovExplore_SetPlayerStats.asset",".asset","419","True","e9b6d3bd76fad8f42bc96358a8c1366c"
"Assets\Images\Tiny Swords\Units\Red Units\Archer\Archer_Run.png",".png","5349","False","059e4d177853e423d9ca4440d4a763e5"
"Assets\Images\Images\408-4085215_board-game-blank-card-template-png-download-clipart.png",".png","66228","True","80a550e7cae67ba44805cb220ffe2e6f"
"Assets\Scripts\ScriptableObjectData\Player\Cards\BattleMaster.asset",".asset","1072","True","6a0030b41a885b2419098c937175ae8d"
"Assets\Images\Tiny Swords\Units\Red Units\Lancer\Lancer_Down_Attack.png",".png","6124","False","2670d0d1e62684223bf3cb42dfb66795"
"Assets\Scripts\Tutorial\Help\dungeon.asset",".asset","763","True","2f82f4d9ca38428bafe92ec217943859"
"Assets\Images\Tiny Swords\Units\Purple Units\Lancer\Lancer Purple Animations\Lancer_Idle_Purple.anim",".anim","3943","False","ff26b8d0da7714f85b453aacf7bfb285"
"Assets\Images\500FreeSkillIcons\Icons\refresh.png",".png","383537","True","99587b0e12308c94fbe5d282c2c63663"
"Assets\Images\Tiny Swords\Units\Black Units\Lancer\Lancer Black Animations\Lancer_ UpRight_Attack_Black.anim",".anim","2212","False","d48f4c702efd34acb8acff46c3268c9c"
"Assets\Images\IconArt\UI Assets\Ability_Skill_Icons\UI_Skill_Icon_Punches.png",".png","91583","True","eecb85004343b0e4d8b78fd7f9877b32"
"Assets\Images\Tiny Swords\Buildings\Yellow Buildings\Archery.png",".png","10266","False","c57a41b4b0b14434e9e3dc5a426febef"
"Assets\Scripts\GameEvents\Events\Enemy Events\onClick_SiegeEnemy.asset",".asset","438","True","6b50deaf02f02a441ad7ca4033b3028c"
"Assets\Terrain Tile Hex Samples\Example Scene\Example Hexes\hexPlains00.asset",".asset","774","False","71b80c7a431908d4ab5e16412b11a975"
"Assets\Scripts\ScriptableObjectData\Non-Player\Towns\SirensGateKeep.asset",".asset","924","True","2b5ba391bb99ea74285345bcd830a929"
"Assets\Plugins\Demigiant\DOTween\DOTween.dll",".dll","172032","True","a811bde74b26b53498b4f6d872b09b6d"
"Assets\Scripts\GameEvents\Events\PlayerEvents\PlayerIntEvent\onTurnsRemainingChanged.asset",".asset","437","True","e28c6bde77ecd6848bfc93b2bc8af385"
"Assets\Images\Simple Fantasy GUI\PNG\Character Panel\Plus_Icon.png",".png","1021","False","108f3f0394e16fc4c8e7ee1db9e95935"
"Assets\Images\Tiny Swords\Units\Yellow Units\Warrior\Warrior Yellow Animations\Warrior_Attack1_Yellow.anim",".anim","2401","False","a2a2b58420c04427da33857e5ce26a6c"
"Assets\Terrain Tile Hex Samples\Tile Samples\below_water00.png",".png","12224","True","a4b92a0441606bd499fbf36994da18b3"
"Assets\Plugins\Demigiant\DOTween\Modules\DOTweenModuleAudio.cs",".cs","9054","True","b766d08851589514b97afb23c6f30a70"
"Assets\Images\Hero Knight - Pixel Art\Demo\HeroKnight_Green.prefab",".prefab","14702","False","2f7eeaf41636b0f4f8ca52ea6858fd36"
"Assets\Images\Tiny Swords\Units\Yellow Units\Lancer\Lancer Yellow Animations\Lancer_ Down_Defence_Yellow.anim",".anim","2796","False","13f242fb5b1694c928fe38a89a83c17d"
"Assets\Terrain Tile Hex Samples\Tile Samples\plains00.png",".png","127869","False","da3e6bbb84c179140bc2ea270b6958bd"
"Assets\Images\Fantasy Wooden GUI  Free\normal_ui_set A\UI board Large Set.png",".png","154964","False","90a2dde0942123c4ebb9c4af580c5818"
"Assets\Scripts\TilemapScripts\TownRuleTile.cs",".cs","286","True","e04fb525523cb4e478cb2fffd4b08907"
"Assets\Scripts\GameEvents\Listener\ToggleListener.cs",".cs","201","True","67afac9545bfe554d92e5f9fd88cba76"
"Assets\Images\Tiny Swords\Units\Red Units\Lancer\Lancer_DownRight_Attack.png",".png","6729","False","5f696a8043d264cb68e711682f959900"
"Assets\Images\Tiny Swords\Units\Blue Units\Monk\Idle.png",".png","6531","True","7ba4178767e424c47b91888898a1fdc4"
"Assets\Scripts\Tutorial\Tips\crystal.asset",".asset","652","True","440634e402b71994a8acc828528b3d73"
"Assets\Animations\ShieldStatic.anim",".anim","1300","True","6dbd6f3316a840b4ca37d326a9a8e94b"
"Assets\Tests\EditMode\DrawGateTests.cs",".cs","1071","True","3e040863e303be24785d7c4972a193d9"
"Assets\Images\Simple Fantasy GUI\PNG\Quest Panel\Comleted_Icon.png",".png","769","True","6d49331c7dc06794f98d4a1c17790d0b"
"Assets\Scripts\GameObjectScripts\CardMenuScripts\InspectorFocusHover.cs",".cs","706","True","aba7c2e6ce9ffc842874ad5c5f61ce48"
"Assets\Images\Tiny Swords\Units\Red Units\Archer\Archer_Idle.png",".png","5056","False","277a50fd24135436398811e3293b2aa2"
"Assets\Tests\EditMode\PlaceActionRulesTests.cs",".cs","7408","True","aaa741273effb9d4e831545839e73961"
"Assets\Images\Images\goblin.png",".png","2365","True","ca26e0566ced90a48a9ad645c6b9cea8"
"Assets\Images\Tiny Swords\Units\Yellow Units\Monk\Monk Yellow Animations\Monk_Run_Yellow.anim",".anim","2394","False","563e0e109d4964b38a0a8543861159a0"
"Assets\Tests\EditMode\LevelRulesTests.cs",".cs","2824","True","87ff80679a335324ea691ff3cdcb69e2"
"Assets\Scripts\CardPlay\DrawGate.cs",".cs","770","True","945173db82a7a0245a8724664a8153d0"
"Assets\Scripts\SaveData\SaveModels.cs",".cs","7231","True","6ed76fa7ceb0f2a45a64d00ed58f93c1"
"Assets\Images\RPG_inventory_icons\rings.PNG",".png","43660","False","970324311431c794ca338446ea889948"
"Assets\Scripts\ScriptableObjectData\Non-Player\Towns\Rags Town.asset",".asset","765","True","88f176c9238633842aac17a8f5ab448a"
"Assets\Scripts\GameEvents\Events\Rewards\OnCardRewardSelect_CloseRewardScreen.asset",".asset","425","True","d1741fcc03d9234439ceee304bfcfdbc"
"Assets\Scripts\TurnFlow\TurnPhase.cs",".cs","178","True","e69450c4ff0aabf4886fc3f2bd9a34f4"
"Assets\Scripts\GameEvents\Events\EndTurnEvent.asset",".asset","401","True","77858732ac21a4a4994d5bcae00e3412"
"Assets\Images\Tiny Swords\Units\Purple Units\Warrior\Warrior Purple Animations\Warrior_Purple.controller",".controller","5275","False","12285b2ad229e465ca21363a5ff750b0"
"Assets\Scripts\GameObjectScripts\CardMenuScripts\CardInspector.cs",".cs","8741","True","f4bb3449ef6b59743835fd8caa33a694"
"Assets\Images\Simple Fantasy GUI\PSD\Character_Bar.psd",".psd","549443","False","79372c27978c1e44fa230e023508be47"
"Assets\Images\Flat 2D Weapons\Art\PNG\1. Collection\128\12. Knives Shadow.png",".png","2039","False","f194d0d560bf7134eab4f70d9747653a"
"Assets\Scripts\GameEvents\Events\Enemy Events\OnEnemyDefeat_GetRewards.asset",".asset","413","True","bf55ca131db873b4bb4a19b6de74a6d7"
"Assets\Images\Simple Fantasy GUI\PNG\Loading Bar\Background_Bar.png",".png","14140","False","4527bf35c3959cf4b8ab578a90dcd02b"
"Assets\Images\Flat 2D Weapons\Art\PNG\3. Button\256\1. Button.png",".png","6253","False","6cbc50f043119114fbe9393380e25cba"
"Assets\Images\Tiny Swords\Buildings\Purple Buildings\House3.png",".png","4369","False","4072398f97c2a4bd69440a0d7d29983b"
"Assets\Terrain Tile Hex Samples\Example Scene\Example Hexes\FreeSamplesHex.prefab",".prefab","16366","False","0e86bebdc7e116c4e8604993e763a8d8"
"Assets\Images\Tiny Swords\Units\Red Units\Monk\Monk Red Animations\Monk_Idle_Red.anim",".anim","2780","False","485fc45f656984cc9800e04f7210e26d"
"Assets\Scripts\GameObjectScripts\CardMenuScripts\Sections\PlayBar.cs",".cs","958","True","aeb6d612fe8e07549ada5d363305cd30"
"Assets\Images\Images\tortoise.png",".png","3793","True","0d21c10db868b1743892b55738a7a370"
"Assets\Scripts\GameObjectScripts\PlaceUI\ClickOffCatcher.cs",".cs","2274","True","671d18eee84e298479ffbec6e5ac0b8b"
"Assets\Scripts\GameObjectScripts\GameBoardObjects\EnemySpawner.cs",".cs","5849","True","9107a99a269eaba438e13d8a1a29a4e6"
"Assets\Images\Tiny Swords\Units\Black Units\Warrior\Warrior Black Animations\Warrior_Idle_Black.anim",".anim","3169","False","de15c08cca00248e4a35390f33bde7d8"
"Assets\Images\Tiny Swords\Units\Red Units\Lancer\Lancer_DownRight_Defence.png",".png","8720","False","e91d5c43f3dc84e6da8a2b1a8f404e68"
"Assets\Images\Flat 2D Weapons\Art\PNG\1. Collection\512\Atlas.png",".png","42927","False","ada89042ac39ce840b21bcd38b2e0f2e"
"Assets\Images\Flat 2D Weapons\Art\PNG\1. Collection\512\2. Card Background.png",".png","3390","False","aaabdf861b3cacd40a029eb50290f3f5"
"Assets\TextMesh Pro\Resources\Sprite Assets\hp.asset",".asset","2794","True","aea3e972b5bc07a4bbe36e7522f355ee"
"Assets\Resources\DOTweenSettings.asset",".asset","1283","True","3124acbfe4f4e044a80e2ef63f8f6778"
"Assets\Images\Tiny Swords\Units\Purple Units\Monk\Heal.png",".png","11586","False","36c37d0e5359044aab06ddd3b89229ff"
"Assets\Scripts\ScriptableObjectData\Player\Rewards\Units\Mystic.asset",".asset","726","True","ea8086c45ba792c47b0d4f4208dd79b5"
"Assets\Terrain Tile Hex Samples\Tile Samples\mountain00.png",".png","153811","False","655d1825cbe189d4d97a48fbae36bdbe"
"Assets\Images\Tiny Swords\Units\Extra\Heal Effect\Heal_Animation.anim",".anim","3748","False","ae6c93e472cc347d99bee8fed9c2c337"
"Assets\Images\Images\empowercircle.png",".png","322161","True","f2e42852828285942b8df8541e2ac6b6"
"Assets\Prefabs\DiscardPile.prefab",".prefab","8464","True","7964edf24c4efaa458b6141855783070"
"Assets\Scripts\GameEvents\Events\Rewards\onSuccessfulExploration_ExploreNextCard.asset",".asset","428","True","4f52db82efcd16740a8570fbf35f0a01"
"Assets\Scripts\ScriptableObjectData\Player\Skills\CrystallizeYellow.asset",".asset","687","True","4d821699280727b428054bb4e51b487e"
"Assets\Images\Tiny Swords\Buildings\Blue Buildings\Archery.png",".png","10177","False","2bb7266a2b9e4494db34c60ba04a19a4"
"Assets\Images\Tiny Swords\Units\Blue Units\Lancer\Lancer_UpRight_Defence.png",".png","7940","False","9460011b72fdf44c3b4aa686f5993a13"
"Assets\Images\Tiny Swords\Units\Yellow Units\Lancer\Lancer Yellow Animations\Lancer_ Up_Attack_Yellow.anim",".anim","2212","False","5341702af33144213b0dff5f79df8101"
"Assets\Scripts\Tutorial\Tips\wound.asset",".asset","639","True","a6d7b132ff553f34b947c670ffe8263f"
"Assets\Images\RPG_inventory_icons\apple.png",".png","40591","True","5d9ba4e7d0964044ea54abe409d81dfd"
"Assets\Images\Tiny Swords\Units\Blue Units\Lancer\Lancer_UpRight_Attack.png",".png","5941","False","09fbf0334fc6944ce9b692899a86f104"
"Assets\Plugins\Demigiant\DOTween\Modules\DOTweenModuleUtils.cs",".cs","6721","True","7bcaf917d9cf5b84090421a5a2abe42e"
"Assets\Images\Simple Fantasy GUI\PNG\Login Panel\LoginDemo.png",".png","34913","False","f87fc246712f16e4d875613fc90a11d6"
"Assets\Scripts\HexTooltip\TileDescriptor.cs",".cs","2299","True","6383c157a89fd1e419cfaf56515df0f1"
"Assets\Images\Fantasy Wooden GUI  Free\normal_ui_set A\TextBTN_Medium_Pressed.png",".png","6178","True","047b929beb10565479851d39b452dfb6"
"Assets\TextMesh Pro\Resources\Fonts & Materials\LiberationSans SDF - Outline.mat",".mat","2889","True","79459efec17a4d00a321bdcc27bbc385"
"Assets\Images\Simple Fantasy GUI\PNG\Character Bar\Health.png",".png","1908","False","2927e1d7d646af8459f2898fc4fce62b"
"Assets\Images\Flat 2D Weapons\Art\PNG\1. Collection\512\9. Sword Shadow.png",".png","4491","False","aca0369a25fd7a04995d0a0e4e83e7fc"
"Assets\Scripts\SaveData\Tests\SaveMigratorV12Tests.cs",".cs","3257","True","20714f59def1b22418338c4865e01579"
"Assets\Scripts\TilemapScripts\TerrainType.cs",".cs","118","True","c5e1bfc26d1c0cc4d96ee131e2b5ee24"
"Assets\Scripts\CardPlay\GlowPulse.cs",".cs","566","True","30fd699b13fe5fb478df2f03c201ab96"
"Assets\Images\IconArt\UI Assets\Ability_Skill_Icons\UI_Skill_Icon_MeteorShower.png",".png","90584","False","300abdf8cbdd5c742a05b6506767fd64"
"Assets\Images\Tiny Swords\Units\Black Units\Warrior\Warrior Black Animations\Warrior_Guard_Black.anim",".anim","2790","False","2a0793daf975d448bab3d0b6f498a50c"
"Assets\Images\Images\crystal_yellow.png",".png","5818","True","e81b333ae09b1384da00714c1e6a85bc"
"Assets\Images\Hero Knight - Pixel Art\Animations\HeroKnight_BlockNoEffect.anim",".anim","1916","False","e1766179ce796d846a3e4dc2f577e234"
"Assets\Images\Tiny Swords\Units\Yellow Units\Warrior\Warrior_Run.png",".png","9805","False","dd4ec486caa454bfa9dfada1aadf9075"
"Assets\TextMesh Pro\Resources\Sprite Assets\crystal.asset",".asset","2761","True","3656ffae4347ca44dab2ad5d3d83af17"
"Assets\Images\Tiny Swords\Units\Yellow Units\Warrior\Warrior Yellow Animations\Warrior_Run_Yellow.anim",".anim","2785","False","5a83150b2799246849a7e513320072d8"
"Assets\TileMap\hexVolcanoActive00.asset",".asset","781","False","2eb5084e28ebf0547b7a725a2c1f2e41"
"Assets\Scripts\ScriptableObjectData\Non-Player\Dungeons\Wyrm's Hollow.asset",".asset","846","True","0d958115c66b64f44b1c537f9b46a187"
"Assets\Images\500FreeSkillIcons\Icons\traitArmored.png",".png","412451","True","341e922fbff1ebe4daf1ca0c2ca9ce27"
"Assets\Images\Tiny Swords\Buildings\Red Buildings\Barracks.png",".png","9876","False","2c44e74a256b04ce7961e81d0cae29e5"
"Assets\Images\Tiny Swords\Units\Black Units\Lancer\Lancer Black Animations\Lancer_ Right_Attack_Black.anim",".anim","2212","False","eab70e10e7f354867bc3e2a024a45da4"
"Assets\Images\Tiny Swords\Buildings\Black Buildings\Monastery.png",".png","11279","False","d8438425f07ba4e019d15b79cb6ce389"
"Assets\Scripts\Tutorial\Help\shrine.asset",".asset","570","True","bf3cbe5d25720684b982893359ff0d02"
"Assets\Images\Fantasy Wooden GUI  Free\normal_ui_set A\IRONY TITLE  Large.png",".png","39922","False","054411784c3fdf74d9db120b4a792a71"
"Assets\Scripts\SaveData\Tests\SaveMigratorV5Tests.cs",".cs","1038","True","fdfe06c34cf15024e92368fb84023a0c"
"Assets\Scripts\GameEvents\Events\TownEvents\onClick_GetTownData.asset",".asset","408","True","e9d89d795cbc0604e853deca8a70f052"
"Assets\Images\Tiny Swords\Units\Red Units\Archer\Archer Animations Red\Archer_Run_Red.anim",".anim","2391","False","6f931338b46ce4f529f957459021dfdb"
"Assets\Images\Tiny Swords\Units\Yellow Units\Lancer\Lancer_UpRight_Attack.png",".png","5906","False","d6ecfa4dbc2c2492f97f7d3b1bf780ae"
"Assets\Scripts\ScriptableObjectData\Player\Skills\CrystallizePurple.asset",".asset","687","True","685994ae9ea51504490ea4ee827c454b"
"Assets\Images\Images\crossed_swords.png",".png","220921","False","2967cf1876e4a1748bb69994ec33e824"
"Assets\Images\Tiny Swords\Units\Blue Units\Lancer\Lancer Blue Animations\Lancer_ UpRight_Defence_Blue.anim",".anim","2797","False","e891dbd32c1e34c2f8a57d30520ef504"
"Assets\Tests\EditMode\HotspotRulesTests.cs",".cs","965","True","17f4b9e28fbd7684087582e1790a2594"
"Assets\Images\Flat 2D Weapons\Art\PNG\1. Collection\512\7. Knife.png",".png","17024","False","e100331bd0955bd4ba304bb0badf619b"
"Assets\Scripts\UiLanguage\ShrineRewardMessage.cs",".cs","2359","True","acb98fa603957c940b238c3d4bb00575"
"Assets\Scripts\GameEvents\Listener\UnitListener.cs",".cs","170","True","bbbabc47caaa6a944be57e82f3f76a41"
"Assets\Scripts\CardPlay\CombatPhaseRules.cs",".cs","3174","True","51163dabf5a8bac429fc8a5d641cc426"
"Assets\Scripts\GameEvents\UnityEvents\UnityIntEvent.cs",".cs","183","True","f537a469fefc52a45a76dcacb6da3bf9"
"Assets\Scripts\ScriptableObjectData\Player\Skills\FieldMedic.asset",".asset","669","True","7adef2dd6cc00b64e9f72a0eac22a939"
"Assets\Terrain Tile Hex Samples\Tile Samples\jungle00.png",".png","170358","False","e2e66902c768ff34b9e8637f06b1a595"
"Assets\TileMap\hexOceanCalm00.asset",".asset","777","False","6e4385340842cea479f084b9db89f4be"
"Assets\Prefabs\Hand.prefab",".prefab","21179","True","276a0d47cca8bae4c9a7f7a0f293df10"
"Assets\Plugins\Demigiant\DOTween\Modules\DOTweenModuleSprite.cs",".cs","4256","True","188918ab119d93148aa0de59ccf5286b"
"Assets\Scripts\Managers\Commands\PlayManager.cs",".cs","1536","True","f896aaac7d423154e8fcf69b51a97317"
"Assets\Tests\EditMode\FanMathTests.cs",".cs","2027","True","bd5da835d37aef042ab05b64c7429369"
"Assets\Prefabs\TownDeck.prefab",".prefab","5597","True","f56610bfeb458e74eb28ce0f06d87b93"
"Assets\Images\Tiny Swords\Units\Blue Units\Monk\Run.png",".png","5590","False","38aaba693b195407d8ac56f98b202860"
"Assets\Images\Tiny Swords\Units\Blue Units\Warrior\Warrior Blue Animations\Warrior_Idle_Blue.anim",".anim","3168","False","426c7c1eb35ee40948111ffa561e573d"
"Assets\Images\Tiny Swords\Units\Purple Units\Lancer\Lancer_Down_Attack.png",".png","6053","False","1e23a30d942f54eadaf04278c89d33e5"
"Assets\Images\Tiny Swords\Buildings\Purple Buildings\Monastery.png",".png","11273","False","dba6a0ea45c49416fa947ae23f50275d"
"Assets\Scripts\GameObjectScripts\PlaceUI\PlaceFanSlot.cs",".cs","1922","True","fea732c8d2425ac4e967f613582b29c4"
"Assets\Prefabs\Crystal Prefabs\WildCrystal.prefab",".prefab","3671","True","0c87ffb2b5604c54d8bafff7ee056bed"
"Assets\Scripts\GameScriptableObjectTypes\DungeonsSO.cs",".cs","1078","True","1a39edde8ddd17d4e8dbb82803df6703"
"Assets\Scripts\GameObjectScripts\GameBoardObjects\CombatButtons.cs",".cs","5753","True","3108a248bce691848b82723e09459dd9"
"Assets\Images\Simple Fantasy GUI\PNG\Menu Panel\ButtonShadow.png",".png","354","False","a1bad59df67816b4e87ffbadf3753955"
"Assets\Images\Tiny Swords\Units\Purple Units\Lancer\Lancer Purple Animations\Lancer_ Right_Attack_Purple.anim",".anim","2213","False","3b114a93d83cc4f418d8cfb0d9bc4adb"
"Assets\Images\Tiny Swords\Units\Black Units\Lancer\Lancer Black Animations\Lancer_ Up_Defence_Black.anim",".anim","2789","False","f28a6128cf7a94958aba2ca7bb2e7328"
"Assets\Images\Tiny Swords\Units\Blue Units\Lancer\Lancer_Down_Defence.png",".png","7309","False","c25947b14a2324a16ac141895815562f"
"Assets\Images\Hero Knight - Pixel Art\Animations\BlockFlash.anim",".anim","2834","False","f9a95a6e6af4f954fad139486ce1e0ef"
"Assets\Images\Tiny Swords\Units\Blue Units\Lancer\Lancer Blue Animations\Lancer_ Up_Attack_Blue.anim",".anim","2210","False","838bece6c9f314b70bef38abc21e08f3"
"Assets\Scripts\UiLanguage\IconRegistrySO.cs",".cs","1188","True","8245030c2f08e2f40a90473f2ef275e0"
"Assets\Scripts\ScriptableObjectData\Player\Skills\Drillmaster.asset",".asset","651","True","4f74fbb4095856f4bb5cd3eea2d3c09a"
"Assets\Tests\EditMode\IconMarkupTests.cs",".cs","4469","True","b68b1873e0628a34facb016e6b898b8c"
"Assets\Images\Tiny Swords\Buildings\Blue Buildings\Tower.png",".png","6535","False","9150ff9a3f88646ddaf1ed327afa1315"
"Assets\Scripts\GameObjectScripts\UnitMenuScripts\UnitOptionRow.cs",".cs","666","True","bbf3078d0148076498c3c7366fab13b8"
"Assets\Images\RPG_inventory_icons\coins.png",".png","70239","False","3676a0b185daeb54fb257f700ba7ead4"
"Assets\Scripts\ScriptableObjectData\Non-Player\Map\GreenHotSpot.asset",".asset","620","True","f31f3e965d7680a4785e83c3402c9c86"
"Assets\Images\RPG_inventory_icons\armor.png",".png","80733","False","2f1eaeeaad36ee5469eff7ff158f37ba"
"Assets\Images\RPG_inventory_icons\pants.png",".png","73797","False","b8fb302c5768e334ca82005f50e58121"
"Assets\Images\Tiny Swords\Units\Black Units\Warrior\Warrior Black Animations\Warrior_Attack2_Black.anim",".anim","2398","False","0b0f703f09c7447ffb63c769de69ce9e"
"Assets\Scripts\GameEvents\Events\Enemy Events\onNewEnemyCardCreation_SendCardData.asset",".asset","424","False","f63c42f7ccbe1e94fb5cf02a331d6aa4"
"Assets\Images\Tiny Swords\Units\Black Units\Archer\Archer Black Animations\Archer_Black.controller",".controller","3651","False","67607d04b5eb24b1c9c95ff8d255a34d"
"Assets\Scripts\ScriptableObjectData\Non-Player\Enemies\GrizzlyBear.asset",".asset","700","True","14dc08625802bb94bb529f72fca6a59e"
"Assets\Images\Simple Fantasy GUI\PNG\Character Panel\Blue_Ribbon.png",".png","2515","False","6b7f50f0c25eead429284cd00c8c43fd"
"Assets\Scripts\Hand\ArchonsRise.Hand.asmdef",".asmdef","196","True","559ab0899aebe3f4f81fb94cf314381d"
"Assets\Scripts\ScriptableObjectData\Player\Rewards\Units\GryphonRider.asset",".asset","734","True","32856202ef3b67a45bfe137df8f52fc1"
"Assets\Scripts\ScriptableObjectData\Player\Cards\Red Bolt Burn.asset",".asset","988","True","b12ead6b89a9d744598192c3828d2900"
"Assets\Scripts\GameEvents\Listener\VoidListener.cs",".cs","170","True","d3571130e79c1b24c904c1bbf6d42d76"
"Assets\Images\Tiny Swords\Units\Yellow Units\Archer\Archer Yellow Animations\Archer_Yellow.controller",".controller","3648","False","4ba6eb628742f4b56929badd18c4b61a"
"Assets\Images\Tiny Swords\Units\Red Units\Lancer\Lancer Red Animations\Lancer_ Down_Defence_Red.anim",".anim","2793","False","cc31defc0656746f0833ecd1694b246e"
"Assets\Images\Tiny Swords\Buildings\Red Buildings\Monastery.png",".png","11058","False","9d04bb2c5630042c7b93442ef26a6843"
"Assets\Terrain Tile Hex Samples\Hex Samples\hexForestBroadleaf01.png",".png","117376","True","aea2a56efdbcc8f48a8ffc4eef1f1673"
"Assets\Scripts\GameObjectScripts\PlayerScripts\HandFanLayout.cs",".cs","3694","True","491ec3de76bee3c4aa306c83e82c85d7"
"Assets\Prefabs\Card.prefab",".prefab","23311","True","3b09e9aa7518fa44288db6a75f3ae120"
"Assets\Scripts\GameEvents\Events\CommandEvents\OnPlay_SendCommandInformationToUndoButton.asset",".asset","430","False","35c400c4bc673c24aaaff4ace1b32800"
"Assets\Images\Tiny Swords\Units\Black Units\Lancer\Lancer_DownRight_Defence.png",".png","8632","False","b7a24c59eb0e541d898f3e50545c0063"
"Assets\Scripts\GameEvents\Events\OnClick_DrawCardFromDeckToHand.asset",".asset","419","True","7c8a9af935fcac8499503d24df9830c8"
"Assets\Scripts\ScriptableObjectData\Player\Character\WarriorSkillPool.asset",".asset","1307","True","e9f84ad197a53074390d7d07a7fd229c"
"Assets\Prefabs\Improvise.prefab",".prefab","69790","True","1721ddc97c019a748b9edd32927c021e"
"Assets\Images\Tiny Swords\Units\Black Units\Lancer\Lancer_DownRight_Attack.png",".png","6669","False","bc75dc6a15f5042eca92d2461edc7355"
"Assets\TextMesh Pro\Shaders\TMP_SDF SSD.shader",".shader","12438","False","14eb328de4b8eb245bb7cea29e4ac00b"
"Assets\TextMesh Pro\Resources\Sprite Assets\guardian.asset",".asset","2817","True","065bba6a4eb8b2c4abd9b699b5e90f7d"
"Assets\Tests\EditMode\DoomRulesTests.cs",".cs","2377","True","94b7d40d84710dd40aec2dafc9c0fad7"
"Assets\Images\Tiny Swords\Units\Red Units\Lancer\Lancer Red Animations\Lancer_ UpRight_Defence_Red.anim",".anim","2796","False","9d7fbb1918f194805b90ec466cd415e4"
"Assets\Scripts\GameEvents\UnityEvents\UnityCardEvent.cs",".cs","185","True","95ea67c89ffa3654585737d8a2f267b0"
"Assets\Images\Simple Fantasy GUI\PNG\Inventory\Money_Bar.png",".png","2135","False","c7af4caf86986a24d89b41c984aa68d3"
"Assets\Scripts\GameObjectScripts\GameBoardObjects\EnemyTraitTooltip.cs",".cs","4991","True","340b25483cea24f499fb3551087181f5"
"Assets\Images\Simple Fantasy GUI\PNG\Character Bar\Mana.png",".png","1772","False","78ee397acef927a439f9c6db499a7d33"
"Assets\Scripts\GameObjectScripts\UnitMenuScripts\UnitInspectorNavController.cs",".cs","3106","True","1bf5e40a64c3ecd418b602537e417ea3"
"Assets\Images\Simple Fantasy GUI\PNG\Quest Panel\Reward_Slot.png",".png","2825","True","92a4fb96206097047a300ebace4278a1"
"Assets\Scripts\ScriptableObjectData\Player\Cards\Rally to the Banner.asset",".asset","1172","True","a1f55bdd13bb33a4d9a800d11785a420"
"Assets\TextMesh Pro\Shaders\TMP_SDF-HDRP LIT.shadergraph",".shadergraph","287427","False","ca2ed216f98028c4dae6c5224a952b3c"
"Assets\Scripts\Enums\Enums\ShrineReward.cs",".cs","240","True","fb3ecb2b7b20ba3499700ae0070b0199"
"Assets\Scripts\Avatar\AvatarState.cs",".cs","280","True","b39913e8a89ba304693757ae3e23f1c9"
"Assets\Images\Simple Fantasy GUI\PNG\Inventory\Inventory_Slot.png",".png","4274","False","70c500e3f9a702743946d084c36b42c6"
"Assets\Scripts\GameObjectScripts\Leveling\SkillToken.cs",".cs","2211","True","6ea6037edc6c8dc44a27168f832dd034"
"Assets\Scripts\GameEvents\Events\ToggleEvents\OnEmpowerToggle_CheckForCrystals.asset",".asset","421","True","310ddb7fa73b47c48ae6d2e101596822"
"Assets\Images\Flat 2D Weapons\Art\PNG\1. Collection\256\6. Spear.png",".png","3999","False","47c918e1068e8764f9f6074ba7be822d"
"Assets\Images\Tiny Swords\Units\Yellow Units\Lancer\Lancer Yellow Animations\Lancer_ DownRight_Defence_Yellow.anim",".anim","2801","False","91956024b38544447a2771cb38019cd6"
"Assets\Images\Flat 2D Weapons\Art\PNG\1. Collection\512\6. Spear.png",".png","8632","False","c10453aaf9df0d845b67919341e1b4b6"
"Assets\Scripts\GameObjectScripts\TownMenuScripts\TownButtons.cs",".cs","1536","True","44d6557ff6a221f4fb648b15f8a90d13"
"Assets\Scripts\ScriptableObjectData\Non-Player\Map\RedHotSpot.asset",".asset","614","True","e951a161e465a6f4d8b155672b674f0e"
"Assets\Scripts\Tutorial\Help\rewards.asset",".asset","623","True","47af8d106114438fbc2576dc6be23d75"
"Assets\Images\Tiny Swords\Buildings\Blue Buildings\Monastery.png",".png","11326","False","a45aff6aa2c5d4d5f879c10f0231ba12"
"Assets\Tests\EditMode\CardSnapshotTests.cs",".cs","925","True","dc64b0ba593056a40921692878756ac5"
"Assets\Scripts\ScriptableObjectData\Player\Cards\Eagles Eyes.asset",".asset","1075","True","f8eee066478107a4ba7867d3e89b3d64"
"Assets\Scripts\GameEvents\Events\CommandEvents\OnPlay_SendDefendCommandInformationToUndoButton.asset",".asset","436","False","2f822a53e15aab042a63e9fd305fbe64"
"Assets\Images\Tiny Swords\Units\Blue Units\Lancer\Lancer Blue Animations\Lancer_ Run_Blue.anim",".anim","2785","False","15d1a633f8c7e4b37a85027cdfbcf37f"
"Assets\Scripts\GameObjectScripts\CardMenuScripts\Sections\ConvertBanner.cs",".cs","1835","True","421bfd6f69c62e54f983343f5e38c4a0"
"Assets\Scripts\Tutorial\Rail\pick-card.asset",".asset","601","True","9d0337c152494a79b67cf47e63a4c4aa"
"Assets\Scripts\ScriptableObjectData\Player\Rewards\Units\Scout.asset",".asset","734","True","0314febb45d718743b9a6b059766e06e"
"Assets\Scripts\Tutorial\Tips\level-up.asset",".asset","614","True","a12cde466c55f23468b4a37d18224869"
"Assets\TextMesh Pro\Shaders\TMP_SDF-URP Lit.shadergraph",".shadergraph","283866","False","a3d800b099a06e0478fb790c5e79057a"
"Assets\Scripts\Shrines\ShrinePaymentRules.cs",".cs","3008","True","b8d3cd7de7f570340ab72e5e8d447f4f"
"Assets\Images\Images\menu.png",".png","20069","True","1e450627fbe791e40af069fa94e61b99"
"Assets\Images\Tiny Swords\Units\Blue Units\Warrior\Warrior Blue Animations\Warrior_Attack2_Blue.anim",".anim","2397","False","3340e30cc5bab4dc1b8013313962e6df"
"Assets\Images\Tiny Swords\Units\Purple Units\Archer\Archer_Shoot.png",".png","11960","False","0379e4d319b2149ba88bedccce7ff50d"
"Assets\Images\Flat 2D Weapons\Art\PNG\2. Card\128\3. Combined.png",".png","3951","False","2209e8da47302ca47ab818d43a0b61e2"
"Assets\Scripts\Managers\GameManager.cs",".cs","6431","True","ed79ab05cefc01b47b3704b65434111c"
"Assets\Scripts\Leveling\ArchonsRise.Leveling.asmdef",".asmdef","354","True","ba7991c1760473841b6a9e28a3758591"
"Assets\Animations\SiegeStatic.anim",".anim","1299","True","3be2d9d9c2e76594e969c40578e61c8b"
"Assets\Scripts\ScriptableObjectData\Player\StartingCards\Mend.asset",".asset","989","True","4cf1e193565ac464989aef186a82c2a5"
"Assets\Scripts\Input\InputContext.cs",".cs","461","True","edc60e6a5cac94a4b8464e156c558e95"
"Assets\Scripts\ScriptableObjectData\GameData\DoomTuning.asset",".asset","701","True","a3ecb88593294ff47a1621fe48a307bb"
"Assets\Images\GroundTile.prefab",".prefab","13935","False","89d4b82265aaaa642bc05f1d63dd7f4c"
"Assets\Images\Hero Knight - Pixel Art\ColorSwap\swap_texture.png",".png","2800","False","5f8c87aa3e6c2aa47bee2ff396a98f2c"
"Assets\Scripts\GameEvents\EventTypes\EventTypes\SkillEvent.cs",".cs","162","True","8cd4bb17926f5e0468c84e9b7e02838f"
"Assets\TextMesh Pro\Resources\Sprite Assets\traitVengeful.asset",".asset","2816","True","6be0b7d06f5ff574794b85a156026c8a"
"Assets\Scripts\GameEvents\Events\Card Events\OnImprovDefend_SetPlayerStats.asset",".asset","418","True","a726bed6807efbe4ab5193ca5a81038c"
"Assets\Scripts\GameEvents\Events\Tutorial Events\onDungeonOpen_NotifyTutorial.asset",".asset","443","True","b0937847b6b3691409307062a3bd777a"
"Assets\Prefabs\GameTokens\Dungeon Token.prefab",".prefab","10121","True","673de4498776dfd43b582d4f1106cecc"
"Assets\Terrain Tile Hex Samples\Hex Samples\hexDesertYellowCactiForest01.png",".png","103309","True","b8cbec81660171640930eff14fa97fd3"
"Assets\Images\Tiny Swords\Units\Purple Units\Lancer\Lancer Purple Animations\Lancer_ UpRight_Attack_Purple.anim",".anim","2213","False","f59424b22c6f64256abf3943237c8ee4"
"Assets\Scripts\Input\GameControls.cs",".cs","552","True","4066af96b98b3464cb2bd1f49df9494f"
"Assets\Images\Tiny Swords\Units\Red Units\Lancer\Lancer Red Animations\Lancer_ Up_Defence_Red.anim",".anim","2787","False","4fca98bf187a9452796b2404a10d7201"
"Assets\Scripts\ScriptableObjectData\Player\StartingCards\Defend.asset",".asset","998","True","dfe220ff70b72484ba9ba0b4012be5c1"
"Assets\Scripts\Log\LogEntry.cs",".cs","353","True","9623a3940b1ac3f4db3731e8e078c2f0"
"Assets\Terrain Tile Hex Samples\Example Scene\Example Hexes\hexForestBroadleaf01.asset",".asset","783","False","1ff7cb4388acc5a4a8f2044ce3b75b55"
"Assets\Scripts\ScriptableObjectData\Player\Rewards\Units\Merchant.asset",".asset","749","True","de77732a8af282e41914baaebaf0909a"
"Assets\TileMap\hexForestBroadleaf00.asset",".asset","783","False","3902d45897bec8a4581aec253ccd84eb"
"Assets\Tests\EditMode\ModalQueueCoreTests.cs",".cs","3383","True","a7af38c4fb2cfd64b9632314dfd9085b"
"Assets\Scripts\GameObjectScripts\PlayerScripts\Card.cs",".cs","6883","True","f846df5a4bf625c4d93c6e8ec120e0ae"
"Assets\Images\Flat 2D Weapons\Art\PNG\4. Sword\128\1. Sword.png",".png","4759","False","4432909ce8e94ea4fbfd5f20a2decb7e"
"Assets\Images\IconArt\UI Assets\Ability_Skill_Icons\UI_Skill_Icon_PsycicAttack.png",".png","89435","False","bbe833a9207e7fa41bbd3ce71ad09605"
"Assets\Scripts\ScriptableObjectData\Player\Cards\Survey the Land.asset",".asset","1082","True","b2dc06c4392945eb9ffb847f5af46af7"
"Assets\Scripts\GameObjectScripts\CardMenuScripts\Sections\ChoiceBanner.cs",".cs","2141","True","5adcb8f305e2ea74ea23280044817ffe"
"Assets\Images\Tiny Swords\Units\Red Units\Warrior\Warrior_Run.png",".png","9802","False","6b2e019703e7240758b08a18f0d6c3e7"
"Assets\Scripts\Tutorial\Help\enemy-preview.asset",".asset","861","True","02b5aab0dad44b8190dc4dcc2c659487"
"Assets\Tests\EditMode\RoundRulesTests.cs",".cs","1541","True","f3ac94b27b218fe4b81d5a46b35d051d"
"Assets\Images\500FreeSkillIcons\Icons\traitWarlord.png",".png","381349","True","894054b659cfc494e96f0ed0c9f394bf"
"Assets\Images\500FreeSkillIcons\Icons\empowerlargercircle.png",".png","373485","True","a25a8ce3526d19c44b183739ce0c4672"
"Assets\Images\Tiny Swords\Units\Yellow Units\Lancer\Lancer_Right_Attack.png",".png","4804","False","947b9d5961c334e8392dfd7b639d8b10"
"Assets\Scripts\Enums\Enums\WoundDestination.cs",".cs","488","True","8b920a5c917cb6c428aa174b0736c60f"
"Assets\Images\Tiny Swords\Units\Blue Units\Lancer\Lancer_Up_Defence.png",".png","7004","False","447409465e2cf4ba7beed6f698019078"
"Assets\Images\Simple Fantasy GUI\PNG\Icons\Minus_Icon.png",".png","729","False","479eafb2543431043a8ee390637ac0f7"
"Assets\Images\Tiny Swords\Units\Blue Units\Monk\Monk Blue Animations\Monk_Blue.controller",".controller","3636","False","010817759ac3943d8a63d1698ab7d60e"
"Assets\Images\Flat 2D Weapons\Art\PNG\7. Knives\128\2. Shadow.png",".png","2040","False","187dc28acf9fa2c4f869bd72837d3855"
"Assets\Images\Fantasy Wooden GUI  Free\normal_ui_set A\UI board Small Set.png",".png","68271","True","8eb69fafe4f719b49bb2dd1a7358aaaa"
"Assets\Scripts\GameObjectScripts\TutorialScripts\HighlightFrame.cs",".cs","2841","True","0f5818f17bd1c4a47942bef039375689"
"Assets\Images\Fantasy Wooden GUI  Free\normal_ui_set A\UI board Medium Set.png",".png","98861","False","1a5d8785d80a4ee42a2a4c8632436dc0"
"Assets\Images\Tiny Swords\Units\Purple Units\Lancer\Lancer_Idle.png",".png","13247","False","d91f841009e3f4ad1a644257d8ecde00"
"Assets\TextMesh Pro\Shaders\TMP_Sprite.shader",".shader","3446","True","cf81c85f95fe47e1a27f6ae460cf182c"
"Assets\Terrain Tile Hex Samples\Hex Samples\hexPlains02.png",".png","99544","True","28064cfec37a5d94bbb7e37328c8ce9d"
"Assets\Images\Fantasy Wooden GUI  Free\normal_ui_set A\Exclamation_Yellow.png",".png","13976","False","f26fa8880b3aeef4b8516c82dc12f2a5"
"Assets\Images\Tiny Swords\Units\Blue Units\Archer\Archer Blue Animations\Archer_Run_Blue.anim",".anim","2392","False","5981a590d8c58406fa2d80cf9bd7bf87"
"Assets\Images\Tiny Swords\Units\Black Units\Warrior\Warrior Black Animations\Warrior_Attack1_Black.anim",".anim","2400","False","a32f303056c574c5d891a8f63e457b9c"
"Assets\Images\Tiny Swords\Units\Black Units\Archer\Archer_Idle.png",".png","5067","False","2a0fcb2f11a4d496d9d10417bc8e1ab1"
"Assets\Terrain Tile Hex Samples\Example Scene\Example Hexes\hexMountain00.asset",".asset","776","False","ff318adc52d4b394787c29852a7e5873"
"Assets\Scripts\GameEvents\EventTypes\BaseCode\BaseGameEvent.cs",".cs","828","True","73fabf870c06f5d4cac40c56ef20ce52"
"Assets\Images\Tiny Swords\Units\Yellow Units\Archer\Archer_Run.png",".png","5357","False","fc62820cc7ad24c0cb66e68c748a07e8"
"Assets\Images\Images\crystal_green.png",".png","3895","True","9daea9b0d2a84394ab18de3e1571d4b2"
"Assets\Scripts\ScriptableObjectData\Non-Player\Dungeons\Forgotten Vault.asset",".asset","837","True","055e43cf382ca9e48917a02f109fac36"
"Assets\Scripts\GameEvents\Events\Card Events\onTurnEnd_CleanUpPlayedCard.asset",".asset","416","True","d7122a4a2418a4344af62b4e2ca9c410"
"Assets\Images\Images\minotaur.png",".png","4832","True","382ff953361709b458e5139dc8b49ee0"
"Assets\Images\Tiny Swords\Units\Black Units\Archer\Archer Black Animations\Archer_Idle_Black.anim",".anim","2589","False","b1ca18542c92243c1b11ab80a9515fed"
"Assets\Images\Tiny Swords\Buildings\Black Buildings\town.png",".png","5958","True","88283a390a99d504ca5fdc286e6aea03"
"Assets\Scripts\ScriptableObjectData\GameData\EnemyTraitTuning.asset",".asset","650","True","3e99912d31378ec4b9854fd4936af2d0"
"Assets\Images\Hero Knight - Pixel Art\Animations\HeroKnight_Attack1.anim",".anim","2014","True","0bafac48b1090284da2048c29bc986ff"
"Assets\Scripts\Managers\Commands\SkillCommand.cs",".cs","378","True","aca7b42fe2bb01040ab3a17f54d4aeb7"
"Assets\Images\Images\button_moss_grey.png",".png","4330","True","5eb6f4fe2d0b2bd4383796595ebddfc6"
"Assets\Scripts\GameObjectScripts\GameBoardObjects\DungeonToken.cs",".cs","2500","True","e3bc1063288c6274393580c8ab12f7da"
"Assets\Images\Tiny Swords\Units\Yellow Units\Monk\Monk Yellow Animations\Monk_Idle_Yellow.anim",".anim","2783","False","60b0649fc76e74b36aaba95747161078"
"Assets\Scripts\ScriptableObjectData\Non-Player\Towns\Garth Barracks.asset",".asset","970","True","9102a8cd8f93e4e44a05be9c0c1b21cb"
"Assets\Scripts\TilemapScripts\Town Rule Tile.asset",".asset","1244","True","8d43104876ec6844584bfbfc6a508e6d"
"Assets\Images\500FreeSkillIcons\Icons\traitHarrying.png",".png","423989","True","5118444d912c03546879f54a5a7c34bd"
"Assets\Scripts\GameScriptableObjectTypes\AllCards.cs",".cs","245","True","0c3183f0d90a374429f041868bc99b08"
"Assets\Scripts\SaveData\SaveMigrator.cs",".cs","6679","True","351895bfbee02e34cb05a7a1659ed32a"
"Assets\Images\Fantasy Wooden GUI  Free\normal_ui_set A\TextBTN_New-Start_Pressed.png",".png","16973","False","2e5f47e2f71128f4282c0a4a67288751"
"Assets\Images\Hero Knight - Pixel Art\Demo\Demo.unity",".unity","34839","False","f9932cc447c2c0b489f7fe04352db427"
"Assets\Scripts\GameEvents\Events\ToggleEvents\OnToggle_SetAttackListenerCommand.asset",".asset","422","False","a6a317535dca9de47925336d0eaf76f7"
"Assets\Images\Tiny Swords\Units\Yellow Units\Lancer\Lancer Yellow Animations\Lancer_ Right_Attack_Yellow.anim",".anim","2213","False","96477cdd08df34d02a5e49e7dfbbb0cb"
"Assets\Images\Tiny Swords\Units\Purple Units\Warrior\Warrior Purple Animations\Warrior_Idle_Purple.anim",".anim","3170","False","f0892cb69a2434df68d63c89d8e054ab"
"Assets\Images\Flat 2D Weapons\Art\PNG\1. Collection\128\2. Card Background.png",".png","794","False","1656da6806b1b5c44bca90b475b8cb72"
"Assets\Images\Flat 2D Weapons\Art\PNG\1. Collection\256\2. Card Background.png",".png","1537","False","4684809d09cb2c24e923e944fcb61d90"
"Assets\Scripts\GameEvents\Events\PlayerEvents\PlayerIntEvent\onInfluenceEvent_GetCurrentInfluence.asset",".asset","425","True","5e02f9e212283a449b61d121c4e5ae33"
"Assets\Scripts\Managers\RewardQueue.cs",".cs","1008","True","63822f6f4716df54783caa3b76afe70f"
"Assets\Plugins\Demigiant\DOTween\Modules\DOTweenModuleUnityVersion.cs",".cs","18653","True","63c02322328255542995bd02b47b0457"
"Assets\Tests\EditMode\CombatAdvanceStateTests.cs",".cs","3890","True","ae80c1c9a4635ce49973e0256744797d"
"Assets\Images\Flat 2D Weapons\Art\PNG\8. Coin\128\2. Shadow.png",".png","1714","False","5121408c9a332544f856fd953f58fac0"
"Assets\Images\Simple Fantasy GUI\PNG\Icons\Shield_Icon.png",".png","863","False","47c96e5414c2b4449920b448538df93a"
"Assets\Tests\EditMode\EmpowerTypeExtensionsTests.cs",".cs","590","True","6ab0426a1cd16f3418a47e2421a1c7a3"
"Assets\Scripts\Tutorial\Help\disband.asset",".asset","596","True","199c8de9d5a94c4fa441de153bfaa376"
"Assets\Prefabs\Crystals.prefab",".prefab","8873","True","4b14e3f70f283c844b7434c2fbcddd72"
"Assets\Images\Flat 2D Weapons\Art\PNG\1. Collection\256\3. Background.png",".png","880","False","9c1b13eba7651f84fa53696a2b4a8cbd"
"Assets\Scripts\Avatar\AvatarStateRules.cs",".cs","1612","True","e7581036ff806ee428cd8b6190d1c013"
"Assets\Prefabs\Crystal Prefabs\YellowCrystal.prefab",".prefab","3645","True","37e6d3e645fb1304b97bbccddc75dde8"
"Assets\TileMap\hexForestBroadleaf01.asset",".asset","783","False","d29358ebd56c22d498ec9714c6328ef6"
"Assets\TextMesh Pro\Fonts\LiberationSans - OFL.txt",".txt","4469","False","6e59c59b81ab47f9b6ec5781fa725d2c"
"Assets\Images\Simple Fantasy GUI\PNG\Icons\Accept_Icon.png",".png","1967","False","391f97da05cf45240a8ecdec752cd9be"
"Assets\Scripts\GameScriptableObjectTypes\RewardTuningSO.cs",".cs","1162","True","a087a0eea4237bb45bb4199e8623a16f"
"Assets\Scripts\Editor\DungeonAuthoringTool.cs",".cs","3139","True","3748f89381384a34393c4592ebf69fc8"
"Assets\Images\Tiny Swords\Units\Yellow Units\Lancer\Lancer Yellow Animations\Lancer_ DownRight_Attack_Yellow.anim",".anim","2219","False","edfe35defed15479584401649b133ccc"
"Assets\Scripts\GameObjectScripts\PlayerScripts\DiscardPile.cs",".cs","1737","True","781e40c3f15413c458783b443dffc894"
"Assets\Terrain Tile Hex Samples\Hex Samples\hexBase00.png",".png","20569","True","2b4118e0228e32a4293c7541873e1028"
"Assets\Scripts\ScriptableObjectData\Player\Cards\ManaTap.asset",".asset","1079","True","504ab97706ed35f4393a0154b5ca946e"
"Assets\Tests\EditMode\HotspotLedgerTests.cs",".cs","2069","True","0d7713ebf13c4d442951809e7ea80b49"
"Assets\Terrain Tile Hex Samples\Example Scene\Example Tiles\base00.asset",".asset","769","False","aa07a1ccf900f54429d06ec33af30ab9"
"Assets\Images\Tiny Swords\Units\Purple Units\Lancer\Lancer Purple Animations\Lancer_ Up_Defence_Purple.anim",".anim","2790","False","89232a7d3ab8d42b8a3e6af42bec9f28"
"Assets\Images\Flat 2D Weapons\Art\PNG\1. Collection\128\11. Knife Shadow.png",".png","1012","False","62e613e1f0489a2429e929d6f7038b63"
"Assets\Scripts\Places\PlaceType.cs",".cs","227","True","782d88b6592bad5448a016c53ff9125a"
"Assets\Scripts\SaveData\Tests\SaveMigratorV4Tests.cs",".cs","1320","True","88deffe95e3d70d4d8ba5a1bd2fb37a2"
"Assets\Terrain Tile Hex Samples\Hex Samples\hexVolcanoActive00.png",".png","140735","True","68f626266e2613e4aa3c23a8237571bd"
"Assets\Scripts\Places\PlaceRules.cs",".cs","993","True","9c85a7addd4e2cf48bd2b7b8b44ce6d8"
"Assets\Scripts\Doom\DoomRules.cs",".cs","1592","True","585c6a9ea04b5e147bcf2043c87867ae"
"Assets\Images\Tiny Swords\Units\Blue Units\Lancer\Lancer_DownRight_Attack.png",".png","6729","False","bacd50e04b6444e00ba223b68b680cb3"
"Assets\Images\500FreeSkillIcons\Icons\traitBrutal.png",".png","400389","True","a3b792d74d96ab84eaac934399e5b662"
"Assets\Scripts\GameObjectScripts\DeckScripts\PlayerDeck.cs",".cs","4330","True","a410a95dad3aba4408c1ec687ed65b31"
"Assets\Scripts\GameEvents\Listener\PlayerDeckListener.cs",".cs","194","True","5c3177fb93b9f1c4381d19b630ae1428"
"Assets\Images\Flat 2D Weapons\Art\PNG\3. Button\128\2. Combined.png",".png","5000","False","d352c8131319c6340bd00583b2276a22"
"Assets\Scripts\Managers\Commands\ICommands.cs",".cs","89","True","b05892367c4bd1b45a56e85da3a3fc46"
"Assets\Scripts\GameObjectScripts\TutorialScripts\TutorialPrefs.cs",".cs","1658","True","c525fd92045ca6c4ea6d712a2b95117f"
"Assets\Scripts\GameScriptableObjectTypes\CrystalHotspotSO.cs",".cs","861","True","a41317e22e17d824589a677f78ccca0f"
"Assets\Resources\IconRegistry.asset",".asset","2577","True","ec19f99f4600c8b45bf87e36a679321e"
"Assets\TextMesh Pro\Shaders\TMP_SDF-Surface-Mobile.shader",".shader","3523","False","85187c2149c549c5b33f0cdb02836b17"
"Assets\Images\Simple Fantasy GUI\PNG\Quest Panel\Progress_Slot.png",".png","570","True","c8c8c670367bf7e489243b843eeef521"
"Assets\Scripts\GameObjectScripts\PlayerScripts\HexInteractorTeleport.cs",".cs","2087","True","5176ff7896349b84fa47be6c1d38ecb9"
"Assets\Images\Tiny Swords\Buildings\Blue Buildings\House1.png",".png","5312","False","f64d3993d34d4410e83e766d40059c1b"
"Assets\Prefabs\HelpIcon.prefab",".prefab","8809","True","cb0e2a755e1557541bbe0f207f21db12"
"Assets\Images\Tiny Swords\Units\Purple Units\Lancer\Lancer Purple Animations\Lancer_ UpRight_Defence_Purple.anim",".anim","2799","False","1ac0116b6e0014940b7d7d67b346638e"
"Assets\Images\Images\spider.png",".png","2374","True","266f2078c7cf15d4ca6b5e890bd949a2"
"Assets\Images\Simple Fantasy GUI\PNG\Icons\Close_Icon.png",".png","2110","False","0b3d25bb30efc5847954849ba0b1453d"
"Assets\Shaders\UIPulseGlow.shader",".shader","3660","True","bb2ee00d95be975458827f4d1a105700"
"Assets\Scripts\Menu\MainMenu.cs",".cs","1728","True","a236db6daa372b14b834f2207643501c"
"Assets\Scripts\Hand\FanSlot.cs",".cs","812","True","eaddfc263bbcfd246a62bc4a7a3d87b5"
"Assets\Scripts\GameEvents\Events\TownEvents\onClick_CloseTownMenu.asset",".asset","410","True","d45999c156ce7354a9b68010cefb7500"
"Assets\Images\Flat 2D Weapons\Art\PNG\10. Example of Color Alterations\Color Alterations.png",".png","205963","False","5a9da62eb815de14db244fed77899959"
"Assets\Images\Fantasy Wooden GUI  Free\normal_ui_set A\TextBTN_Big_Pressed.png",".png","6847","False","d6a1673a31851fd4395c287261da36e4"
"Assets\Images\Hero Knight - Pixel Art\Sprites\HeroKnight_BlockNoEffect.png",".png","1438","False","d94b5c1ffa7794547b59105c8f561da3"
"Assets\Scripts\GameObjectScripts\LogUI\GameLog.cs",".cs","1802","True","5d8229d2b6cacef4e98d3b38e49e04b7"
"Assets\Terrain Tile Hex Samples\Example Scene\Example Hexes\hexPlains02.asset",".asset","774","False","e86454722c1df5044941d9b7fa9a5616"
"Assets\Images\Tiny Swords\Units\Red Units\Archer\Archer_Shoot.png",".png","11899","False","750bc14c1e537452486c5efb15da4654"
"Assets\Scripts\Enums\Enums\TownSize.cs",".cs","94","True","7dba78a0f94b1f24cb23637682755d6c"
"Assets\Scripts\GameScriptableObjectTypes\UnitsSO.cs",".cs","845","True","9c16f4bff67ec0745984351f5595704b"
"Assets\Images\Tiny Swords\Units\Purple Units\Warrior\Warrior Purple Animations\Warrior_Run_Purple.anim",".anim","2785","False","8a3bcdc3ac1804373a38a72c06a9f4c9"
"Assets\Scripts\ScriptableObjectData\Non-Player\Towns\Merchant Village.asset",".asset","868","True","4796ae170608b7741840843093c76437"
"Assets\Scripts\TurnFlow\TurnPhaseRules.cs",".cs","909","True","d1998cd9cc3e7e2469989c65778a0f8d"
"Assets\Scripts\Managers\ShrineTracker.cs",".cs","2947","True","f0ae5a54248e45d4d9ae49eb6dcb4236"
"Assets\Scripts\GameEvents\Events\onPhaseChanged.asset",".asset","429","True","f9ca9fd1b70fe974d859c1efe0709a08"
"Assets\Terrain Tile Hex Samples\Example Scene\TileHexExampleScene.unity",".unity","50386","False","b9df4d457063c2a45a4eb2801a2daab3"
"Assets\Images\Flat 2D Weapons\Art\PNG\6. Knife\128\1. Knife.png",".png","3910","False","75032f1ea57eb32488bfef40650eb56f"
"Assets\Scripts\Log\PlayerLogCore.cs",".cs","1719","True","091f51eb522cdab47b33911744feea11"
"Assets\TextMesh Pro\Resources\Sprite Assets\siege.asset",".asset","2791","True","61ab3761cefb004459940ae85ffdb3d8"
"Assets\Scripts\Exploration\IHexPointerSource.cs",".cs","428","True","f33c8f6b908ce68459c759f7b79eedcc"
"Assets\Scripts\GameObjectScripts\PlayerScripts\PhaseHud.cs",".cs","1545","True","1fdb576c1a394b7488fdf783acc76692"
"Assets\Scripts\GameEvents\Listener\PlayerPositionListener.cs",".cs","210","True","2938a8b2b394ea242abfea3032cfc17c"
"Assets\Scripts\GameObjectScripts\CardMenuScripts\InspectorNavController.cs",".cs","9343","True","9a89ea52fc8b7e549abfe599e1c02f0b"
"Assets\Images\Tiny Swords\Units\Purple Units\Lancer\Lancer_DownRight_Defence.png",".png","8653","False","3a6b8deef1de7457cad8a9d6322c0e28"
"Assets\Scripts\CardPlay\PreviewRules.cs",".cs","1752","True","42b8b7f5f2de40c428834a46b2ef80e5"
"Assets\Images\Flat 2D Weapons\Art\PNG\5. Spear\256\1. Spear.png",".png","3999","False","40c9db6dab418ae40b6eaf4d829064ff"
"Assets\Plugins\Demigiant\DOTween\Editor\Imgs\DOTweenIcon.png",".png","1565","False","8da095e39e9b4df488dfd436f81116d6"
"Assets\Scripts\GameEvents\Listener\CardListener.cs",".cs","170","True","6e2c5400e4df069448f5dcbe8195edc4"
"Assets\Images\Flat 2D Weapons\Art\PNG\1. Collection\128\5. Sword.png",".png","4814","False","8ebb3355a613c01408ad4d213c945153"
"Assets\Scripts\GameEvents\Events\TownEvents\onClick_OpenTownMenu.asset",".asset","409","True","c29d62e8153dd004fb3e06134e5a63b0"
"Assets\Images\Tiny Swords\Units\Purple Units\Lancer\Lancer_UpRight_Defence.png",".png","7891","True","1dc8676f4320a4631b5ec103b34a56d9"
"Assets\Images\Tiny Swords\Units\Red Units\Warrior\Warrior_Attack1.png",".png","8133","False","c5a89d1d641de4f9a94ddbca13c06881"
"Assets\Images\500FreeSkillIcons\Icons\traitVengeful.png",".png","402255","True","43df2d26f635b84498d45cd48e64ba07"
"Assets\Scripts\ScriptableObjectData\Player\StartingCards\Attack.asset",".asset","996","True","85b6e17878e9f7341b3f38a935382b7a"
"Assets\Scripts\GameEvents\EventTypes\EventTypes\ToggleEvent.cs",".cs","253","True","0acae0fc78655cc4ea57559166066926"
"Assets\Scripts\GameObjectScripts\GameBoardObjects\CrystalHotspotToken.cs",".cs","2040","True","447a79f661a2fb747ac657562c918e52"
"Assets\Terrain Tile Hex Samples\Hex Samples\hexDesertYellowCactiForest00.png",".png","95112","True","c7969ced971b5034c99258e414a8bbcb"
"Assets\Scripts\GameObjectScripts\AllCrystal.cs",".cs","127","True","acfdf8718af4a7c49a01f01e47454481"
"Assets\Scripts\ScriptableObjectData\Player\Skills\Pathfinder.asset",".asset","649","True","70934f8d70ab08542ab694bbd56b5d83"
"Assets\Images\Tiny Swords\Units\Black Units\Monk\Heal.png",".png","11572","False","9a79aba3fd32843c2b56398d22ff8262"
"Assets\Images\Simple Fantasy GUI\PNG\Icons\Crystal_Icon.png",".png","12240","False","ae7e1099aaff73c4b8e6e623e8c96910"
"Assets\Images\Tiny Swords\Buildings\Black Buildings\castle.png",".png","17094","True","d0349d8d3a04044f7a4810157b116b14"
"Assets\Prefabs\UndoButton.prefab",".prefab","8142","True","a8640177aa829864095a41f190fd3cb4"
"Assets\Images\Tiny Swords\Units\Yellow Units\Lancer\Lancer_Idle.png",".png","13325","False","402bdd4018d3a420c98a285607e2b06d"
"Assets\Images\Simple Fantasy GUI\Font\MedievalSharp.ttf",".ttf","148712","True","dab90a45cedf47b4291bd9816c597551"
"Assets\Scripts\GameObjectScripts\TownMenuScripts\AssaultButton.cs",".cs","1054","True","b9d848649debf4f47a203056faa3a611"
"Assets\Scripts\GameObjectScripts\GameBoardObjects\ShrineToken.cs",".cs","4121","True","0ddf1a1c975cd1449a453b9f1021e26a"
"Assets\Terrain Tile Hex Samples\Example Scene\Example Hexes\hexUnderOcean00.asset",".asset","778","False","f7bf4c8ef33a97a42801942c6767d931"
"Assets\Images\Flat 2D Weapons\Art\PNG\2. Card\512\3. Combined.png",".png","20081","False","28bd16044e9fbc140a088211fc1e4af6"
"Assets\Scripts\Managers\HexOccupantRegistry.cs",".cs","2597","True","143db94baec2ee74fa9bb53be8f76ecb"
"Assets\Scripts\GameObjectScripts\GameBoardObjects\TownDeck.cs",".cs","1103","True","1aee30224facc124e859fa6ebc6311b0"
"Assets\Images\Tiny Swords\Buildings\Blue Buildings\Castle.png",".png","17136","False","5fef2d88b09824faba4be40a870c347e"
"Assets\Images\Simple Fantasy GUI\PNG\Icons\Sword_Icon.png",".png","1374","False","af50dc4fa7b6d314895d0f8c79adb4a5"
"Assets\Scripts\Tutorial\Tips\deck-empty.asset",".asset","625","True","a4034a6405ec7bc44af77cfe3b0b094f"
"Assets\Scripts\SaveData\Tests\SaveMigratorV3Tests.cs",".cs","1305","True","19ae167f09289bb41acb40731967391c"
"Assets\TextMesh Pro\Shaders\TMPro_Mobile.cginc",".cginc","5453","False","c334973cef89a9840b0b0c507e0377ab"
"Assets\Scripts\Shrines\ShrineLedger.cs",".cs","3480","True","b35b4cdda701ca047b46f7a68f5d47d4"
"Assets\Scripts\GameEvents\Events\Tutorial Events\onCombatStart_NotifyTutorial.asset",".asset","443","True","95778fe536433eb4eae5adef7b9e4c0e"
"Assets\Scripts\ScriptableObjectData\Player\Cards\Siege.asset",".asset","1019","True","cd1247f5ec0e04d4bb9e7cbc84bfcd5a"
"Assets\Scripts\UiLanguage\UiLock.cs",".cs","514","True","e86637c4c78df394bb692a9e143f80f7"
"Assets\Images\Images\purple_crystal_hex.png",".png","56148","True","657e2aa32d8719d44b528935ce114656"
"Assets\Images\Flat 2D Weapons\Art\PNG\1. Collection\256\1. Card.png",".png","8890","False","b4d8d7ae55d4f1047a40ae9d7deee821"
"Assets\Scripts\GameObjectScripts\GameBoardObjects\TownToken.cs",".cs","4949","True","3a8a78cd8e7a729478a1de29a66c127a"
"Assets\Terrain Tile Hex Samples\Tile Samples\base00.png",".png","27182","False","591295cd5f5d94941a03995981cb232c"
"Assets\Scripts\SaveData\MapDelta.cs",".cs","492","True","4de24e11df4d30e43becefb4cbfd5dd0"
"Assets\Images\Hero Knight - Pixel Art\Animations\HeroKnight_Death.anim",".anim","2356","False","d2566ec8b252342449771d8abf45a00a"
"Assets\Scripts\GameObjectScripts\PlayerScripts\PlayerAvatar.cs",".cs","4969","True","da7aa913801d36e4fb09b27a5cac7965"
"Assets\Prefabs\Menu\Divider.prefab",".prefab","4035","True","b01567a0c8518434cacf5d82714c9c9d"
"Assets\Scripts\ScriptableObjectData\Non-Player\Towns\CastleBrune.asset",".asset","1005","True","3ed13b013dad59f4d96ebd3e2bafd6eb"
"Assets\Scripts\GameObjectScripts\UnitMenuScripts\UnitOptionList.cs",".cs","1470","True","e13c49e64ea2e4245a7e37b873100852"
"Assets\Images\Flat 2D Weapons\Art\PNG\7. Knives\128\1. Knives.png",".png","7273","True","5c29dbf4e8934174b884d74a386e1a90"
"Assets\Scripts\ScriptableObjectData\Non-Player\Enemies\DungeonEnemies\Demon.asset",".asset","675","True","9e035bd7315514d42ba884d064901bb0"
"Assets\Scripts\GameEvents\UnityEvents\UnityPlayerEvent.cs",".cs","189","True","e141f8ceb7fab074c9b8d5170cd5bd91"
"Assets\Images\Fantasy Wooden GUI  Free\normal_ui_set A\UI board Medium stone.png",".png","316073","True","9a6560e5bacb40847bb1b879ede354fb"
"Assets\Scripts\ScriptableObjectData\Player\Cards\Expand Mind.asset",".asset","1064","True","a102cb51544b67c4d87d42e30923124b"
"Assets\Scripts\GameEvents\Events\Card Events\OnImprovAttack_SetPlayerStats.asset",".asset","418","True","38372e7cddfe55040a5d25fe086a7b7a"
"Assets\Images\EVil Wizard\Sprites\Idle.png",".png","5046","True","6fc66c021eec74942b4e71a3fde4dc04"
"Assets\Scripts\MapMode\Tests\MapCameraRulesTests.cs",".cs","3211","True","80d6c533a63d5834e935dc1e4e3fa627"
"Assets\Terrain Tile Hex Samples\Example Scene\Example Hexes\hexForestPineSnowCovered00.asset",".asset","789","False","7b29b5f8953ef96419abfd39edfa73b5"
"Assets\Images\Tiny Swords\Units\Red Units\Archer\Archer Animations Red\Archer_Red.controller",".controller","3636","False","098910b1e815348e6bba028403bec1e8"
"Assets\Scripts\GameObjectScripts\GameBoardObjects\EnemyCardDefeatFx.cs",".cs","3253","True","8498f676f80ffa64dacea3c6411be524"
"Assets\Scripts\TilemapScripts\PlainsRuleTile.asset",".asset","1354","True","c34e42dd190dcc0489c933484b2e07dc"
"Assets\Scripts\GameEvents\UnityEvents\UnityEmpowerColorEvent.cs",".cs","200","True","cfdeee40d16e13247a55dcc82966efc6"
"Assets\Images\Tiny Swords\Units\Yellow Units\Warrior\Warrior_Attack1.png",".png","8127","False","f14d034ef5d7140fd97bc02541c6db83"
"Assets\Scripts\Tutorial\Tips\doom-band.asset",".asset","663","True","e2eb05f9d62e2104d928e7a749d13e10"
"Assets\Images\Simple Fantasy GUI\PNG\Character Panel\CharacterDemo.png",".png","109322","False","50392d800eebceb43a34250d81f4bd1e"
"Assets\Images\Flat 2D Weapons\Art\PNG\3. Button\512\2. Combined.png",".png","24420","False","ecc515e128c9e9444a605ce181666c28"
"Assets\Images\Tiny Swords\Units\Purple Units\Warrior\Warrior_Idle.png",".png","9829","False","0505cf46dcd784e559fa26016d355ac0"
"Assets\Scripts\GameEvents\Events\ToggleEvents\OnToggle_SetExploreListenerCommand.asset",".asset","423","False","666f701d4e88c6f448bf92e1e270cb41"
"Assets\Images\Tiny Swords\Units\Blue Units\Monk\Monk Blue Animations\Monk_Heal_Blue.anim",".anim","3744","False","7a056e6c840d74b7c9124a28376f83bc"
"Assets\TextMesh Pro\Resources\Sprite Assets\traitLeech.asset",".asset","2807","True","747761aee01a8c640a69b4162b36b068"
"Assets\Scripts\SaveData\Tests\SaveSerializerTests.cs",".cs","2258","True","74b00bbf58d2af84296bbe02a73003c8"
"Assets\Images\Simple Fantasy GUI\PSD\Menu_Bar.psd",".psd","661237","False","b2d37404366e75e438141a075599a322"
"Assets\TextMesh Pro\Resources\Fonts & Materials\LiberationSans SDF - Fallback.asset",".asset","535749","True","2e498d1c8094910479dc3e1b768306a4"
"Assets\Scripts\Doom\ArchonsRise.Doom.asmdef",".asmdef","372","True","67cfe31e97d9bbc49b8bfe411abc2060"
"Assets\Scripts\ScriptableObjectData\Non-Player\Enemies\WanderingMystic.asset",".asset","806","True","f399ee2a44cbc454fa93885e7fa7511b"
"Assets\Scripts\ScriptableObjectData\Player\Rewards\Units\Footsoldier.asset",".asset","725","True","89b1af18d3c43da44ba8ca698a2a941d"
"Assets\Images\Tiny Swords\Units\Black Units\Lancer\Lancer Black Animations\Lancer_ Down_Attack_Black.anim",".anim","2209","False","9d9662415865f477aa32a800d6f6bf90"
"Assets\Images\Tiny Swords\Units\Purple Units\Lancer\Lancer Purple Animations\Lancer_ Right_Defence_Purple.anim",".anim","2801","False","ce66403b1c8894e6d9b1981f1d3d7a11"
"Assets\Scripts\SaveData\ContentRegistry.cs",".cs","1536","True","ccb4ce8872633784ab1c398fbdfca33a"
"Assets\Images\Tiny Swords\Units\Black Units\Lancer\Lancer_UpRight_Attack.png",".png","5863","False","5222783948785456eb1d3d9f97f1f8de"
"Assets\Scripts\GameObjectScripts\ShrineMenuScripts\ShrineSlotButton.cs",".cs","1180","True","133078ad30e4f7440843beb087fd4bc4"
"Assets\Animations\PlayerWalk.anim",".anim","1351","False","71e637a0f5511644b8b8cc27806ff0e5"
"Assets\Scripts\ScriptableObjectData\Non-Player\Enemies\MercenaryBand.asset",".asset","800","True","256d8eda38889d84c8b72ff62bcbfdee"
"Assets\Prefabs\EndTurnButton.prefab",".prefab","7657","True","bbb9fb5d19b3c784f987c4ddfc63ffd0"
"Assets\Scripts\Tutorial\Rail\end-turn.asset",".asset","828","True","5ed21610309b839478e35e1bbf47b542"
"Assets\Scripts\SaveData\Tests\ArchonsRise.SaveData.Tests.asmdef",".asmdef","546","True","d4fe952fb32dd0549ac77307c289952b"
"Assets\Images\IconArt\UI Assets\Ability_Skill_Icons\UI_Skill_Icon_Heal.png",".png","71329","True","bb67b03c2969d104caba950c446f8c8d"
"Assets\Scripts\Enums\Enums\SkillEffect.cs",".cs","631","True","5779c9bd887815a43b60aacdacf43dc6"
"Assets\Images\Simple Fantasy GUI\PNG\Login Panel\LoginButton_Hover.png",".png","1791","True","11068e6cb0f18044e93ad0154715d958"
"Assets\Scripts\GameScriptableObjectTypes\LevelRewardsSO.cs",".cs","600","True","5cd9764d6afded641a06422f13d70bac"
"Assets\Scripts\Doom\DoomTuning.cs",".cs","1871","True","52b3af5ac81de1540a5a1f5195b2f2b2"
"Assets\Images\Images\Floor Tiles 1 - diffuse.jpg",".jpg","155648","True","85ac55597b97403c82fc6601a93cf241"
"Assets\Images\Tiny Swords\Units\Blue Units\Monk\Monk Blue Animations\Monk_Idle_Blue.anim",".anim","2781","False","14b1b15df0b7343b2a299bf60410c489"
"Assets\Scripts\GameObjectScripts\PlayerScripts\ToughnessLabel.cs",".cs","375","True","6537c7e93d7785e4fae545b8c82aac58"
"Assets\Scripts\Exploration\Tests\ArchonsRise.Exploration.Tests.asmdef",".asmdef","573","True","353fbc9deb0d88647961146bafc5c7e0"
"Assets\Tests\EditMode\SpawnRulesTests.cs",".cs","4609","True","63a3a337f8148d942875eeafd16f3d91"
"Assets\Scripts\Tutorial\Rail\fight-siege.asset",".asset","810","True","8d3904c859c3fe0498c36a7db1926b71"
"Assets\Scripts\ScriptableObjectData\Player\Cards\Browbeat.asset",".asset","1058","True","58fe6115ac0eaf345b403e7218efe5c7"
"Assets\TextMesh Pro\Resources\LineBreaking Following Characters.txt",".txt","269","True","fade42e8bc714b018fac513c043d323b"
"Assets\Scripts\SaveData\Tests\SaveMigratorV9Tests.cs",".cs","1552","True","72ddb331cff50624d84af1a6ab7addcb"
"Assets\Images\Hero Knight - Pixel Art\Demo\SlideDust.prefab",".prefab","3399","False","8b8c8cc6774fb074cb9139cc631b108e"
"Assets\TextMesh Pro\Shaders\TMP_SDF-Mobile Masking.shader",".shader","8273","False","bc1ede39bf3643ee8e493720e4259791"
"Assets\Images\Tiny Swords\Units\Red Units\Lancer\Lancer Red Animations\Lancer_ Run_Red.anim",".anim","2784","False","fb8e0a52f1af047299903fe6fd1c9379"
"Assets\Images\IconArt\UI Assets\Ability_Skill_Icons\UI_Skill_Icon_Fly.png",".png","72006","True","ee40d72ece864764f9d17d015aedb524"
"Assets\Scripts\TilemapScripts\ShrineRuleTile.cs",".cs","171","True","29f579bb0fbbcd34e98e26cdb09e2b4c"
"Assets\Images\IconArt\UI Assets\Ability_Skill_Icons\UI_Skill_Icon_Dash.png",".png","109603","True","c67fbf9375ad5c34399c2849430ca7f7"
"Assets\Scripts\Exploration\Tests\HexActionRulesTests.cs",".cs","3974","True","a6553f11b9efef24abfe87b1e1e7dcf3"
"Assets\URP2D.asset",".asset","4706","True","aa696e4fba54fcb4c8eb4945127c9eda"
"Assets\Scripts\UiLanguage\ArchonsRise.UiLanguage.asmdef",".asmdef","316","True","c62741cf38448bc46a2d2d64717c43b2"
"Assets\Images\Tiny Swords\Buildings\Yellow Buildings\House3.png",".png","4461","False","255d981ca436d413d84f7803cad52e4b"
"Assets\Images\Flat 2D Weapons\Art\PNG\7. Knives\512\2. Shadow.png",".png","9426","False","9656c81299942e445aff2e75d645440d"
"Assets\TextMesh Pro\Resources\Sprite Assets\army.asset",".asset","2805","True","2d01a28532f7bbe458914e9413467deb"
"Assets\Images\Tiny Swords\Units\Yellow Units\Lancer\Lancer_Run.png",".png","11241","False","ad940911e227041e4ac6ec87b315afc9"
"Assets\Images\Tiny Swords\Buildings\Yellow Buildings\Castle.png",".png","17151","False","ba6e4899ce2184481b037df5cb76ef31"
"Assets\Terrain Tile Hex Samples\Example Scene\Example Hexes\hexPlainsCastle00.asset",".asset","780","False","dbbbdca9982f71b47bb6c10be306325d"
"Assets\Images\500FreeSkillIcons\Icons\toughness.png",".png","387654","True","760363cc6bb085745a1fa6636c17ee11"
"Assets\Images\RPG_inventory_icons\sword.png",".png","41542","True","5fd50594014b70e48bd6993443d46b32"
"Assets\Scripts\ScriptableObjectData\Player\Rewards\Units\Mercenaries.asset",".asset","772","True","01a9990fd166e094d9b6d2ed4cbe52c7"
"Assets\Images\Simple Fantasy GUI\PNG\Login Panel\LoginButton_Pressed.png",".png","1966","True","b75aa2349cb309240afa0694dffe6027"
"Assets\Images\Images\Gold_Background.jpg",".jpg","1063553","True","3e2da5f23de07e8459a2e0c2524eb650"
"Assets\Scripts\GameEvents\Events\TownEvents\onCardButtonClick_OpenCardSelectMenu.asset",".asset","425","True","56bb7bc4901443e4eacfd6032aed5d0b"
"Assets\Terrain Tile Hex Samples\Example Scene\Example Hexes\hexJungle00.asset",".asset","774","False","9fe82e7bc0a6d86449e7f59d0d9f92ba"
"Assets\Images\Tiny Swords\Units\Red Units\Monk\Heal.png",".png","11554","False","b4fc8029638e545698c1d10bb521aaee"
"Assets\Scripts\GameEvents\Events\afterRoundEndShuffle_DrawCards.asset",".asset","419","True","00b627a30a8df50488ff38676f147070"
"Assets\Images\Simple Fantasy GUI\PNG\Character Panel\Character_Box.png",".png","24187","False","81c655d952ad6ca498cc4b1491740ee0"
"Assets\Images\Fantasy Wooden GUI  Free\normal_ui_set A\Close Button.png",".png","10724","False","11277a3f23988ec47908362d708edaa8"
"Assets\Scripts\GameEvents\Events\Card Events\OnOpenCardMenu_MaxCard.asset",".asset","411","True","2e79cc5ceacf4fe48be8fe6c2b851f3c"
"Assets\Scripts\GameEvents\Events\Card Events\onPlay_TriggerAdditionalEffects.asset",".asset","420","True","fc58dab97f1a15544adf6a28109f35ca"
"Assets\Images\Tiny Swords\Buildings\Red Buildings\Tower.png",".png","6464","False","da5bd5128607d42b58a0100672bc61d3"
"Assets\Scenes\MainMenu.unity",".unity","36986","True","e4f09afdac0985e4398e099a4629bab8"
"Assets\Terrain Tile Hex Samples\Hex Samples\hexOceanCalm00.png",".png","67460","True","34b549b6c7edca14a95fa5ed50ce9591"
"Assets\Images\Tiny Swords\Units\Black Units\Lancer\Lancer Black Animations\Lancer_ Down_Defence_Black.anim",".anim","2795","False","9291a2427ca0c4bf49d533b9e091fc9e"
"Assets\Images\Tiny Swords\Buildings\Yellow Buildings\Monastery.png",".png","11334","False","1b31b5c18d1114c22b3cc92b7cecc6a3"
"Assets\Scripts\CardList\CardListPlan.cs",".cs","660","True","89b3739a95161ff458e10cdad752176c"
"Assets\Animations\PlayerAnim.anim",".anim","3040","True","e67bc1da880f3f24992dadde7ed00d2e"
"Assets\Tests\EditMode\TurnPhaseRulesTests.cs",".cs","1150","True","60aa8556c249c2941b3c7a36bd37c456"
"Assets\Scripts\Places\PlaceAction.cs",".cs","3213","True","0c4ae531bd9fa6147ac68543dc426377"
"Assets\Images\Tiny Swords\Units\Yellow Units\Lancer\Lancer_Up_Defence.png",".png","6944","False","d00014c169b1b4997bbad4516877177f"
"Assets\Images\Simple Fantasy GUI\PNG\Inventory\Title_Box.png",".png","6312","False","9aa2c942e55346b48883bf78aba327ca"
"Assets\Scripts\Enums\Enums\EmpowerType.cs",".cs","135","True","c539b617f6298e1488bf4b98724718e0"
"Assets\Scripts\CardPlay\ArchonsRise.CardPlay.asmdef",".asmdef","254","True","b7bb319000aa12744aeb9706e9a9798c"
"Assets\Images\Tiny Swords\Units\Extra\Heal Effect\Heal_Effect.png",".png","9658","False","104b54f3748eb417ea1085bf0eafaf1f"
"Assets\Scripts\ScriptableObjectData\Player\Cards\Rage.asset",".asset","990","True","abde18bcea62c94438fe53fddbc97f57"
"Assets\Images\Tiny Swords\Units\Yellow Units\Lancer\Lancer Yellow Animations\Lancer_ Up_Defence_Yellow.anim",".anim","2790","False","e9eae08a10e2f4fad9771485a180d024"
"Assets\Images\Tiny Swords\Units\Purple Units\Archer\Archer Purple Animations\Archer_Shoot_Purple.anim",".anim","3172","False","48826a799063c42d985849cd57dc313d"
"Assets\Scripts\ScriptableObjectData\Non-Player\Dungeons\Sunken Crypt.asset",".asset","829","True","e72e3a3ac66fd854a89b3d3fefdd3a71"
"Assets\Images\Simple Fantasy GUI\PNG\Character Panel\Nickname_Slot.png",".png","2083","False","4e919d44466f0624191cd947ff906d2a"
"Assets\Scripts\GameEvents\EventTypes\BaseCode\IGameEventListener.cs",".cs","163","True","ee93d4f3b3423c44298f083539522dd5"
"Assets\Images\Tiny Swords\Units\Blue Units\Warrior\Warrior Blue Animations\Warrior_Attack1_Blue.anim",".anim","2399","False","ef35be526c89c4019a8314d5f8ccacf5"
"Assets\TextMesh Pro\Resources\Sprite Assets\traitWarlord.asset",".asset","2837","True","f8eb6f7214a95d941a71f9f1308b481f"
"Assets\Images\Flat 2D Weapons\Art\PNG\3. Button\512\1. Button.png",".png","12936","False","4d665a980985abf42baa745dfb189eb7"
"Assets\Tests\EditMode\ConvertRulesTests.cs",".cs","3616","True","7f6d7e7984d72374db6ab50f045c34c8"
"Assets\Terrain Tile Hex Samples\Hex Samples\hexPlainsCastle00.png",".png","140397","True","77831ffc42dba984e91698f5b4d56780"
"Assets\Images\IconArt\UI Assets\Ability_Skill_Icons\UI_Skill_Icon_SpiritArrows.png",".png","93698","False","0825dfa25de4551469e65496af7b3c71"
"Assets\Images\Flat 2D Weapons\Art\PNG\2. Card\128\1. Card.png",".png","3893","False","fcd494eeeee0efb41bd1adf90eb34b1c"
"Assets\Scripts\UnitPlay\UnitOption.cs",".cs","569","True","09cc07236ac1e1f458c45c3bcb17a432"
"Assets\Images\Tiny Swords\Units\Black Units\Lancer\Lancer_Idle.png",".png","13249","False","31e15b074d7344a3b99376dd4f70eb1d"
"Assets\Terrain Tile Hex Samples\Example Scene\Example Tiles\oceanCalm00.asset",".asset","774","False","718ab1ce3feed114db83785b89793aab"
"Assets\Scripts\GameEvents\UnityEvents\UnitySkillEvent.cs",".cs","107","True","8d9f2be2a4df03a4b95193e8a38ae20a"
"Assets\Scripts\GameEvents\Events\PlayerEvents\PlayerIntEvent\OnExploreEvent_GetCurrentExplore.asset",".asset","421","True","60182f260d3819b45ad77db35cdb4d58"
"Assets\Images\Tiny Swords\Units\Yellow Units\Lancer\Lancer Yellow Animations\Lancer_ UpRight_Attack_Yellow.anim",".anim","2213","False","5fd51dd3c440249d29e017c9dbc573b4"
"Assets\Materials\UIPulseGlow.mat",".mat","1603","True","e2ff3e3fd6e7449469bbf8d513bce080"
"Assets\Images\Tiny Swords\Units\Extra\Heal Effect\Heal.controller",".controller","2016","False","eaf0d76f18d0b44dd93b9e3af21dc023"
"Assets\Scripts\GameEvents\Events\EndRoundEvent.asset",".asset","402","True","6beeb1f7807ed7349955a385ea09339d"
"Assets\Tests\EditMode\HarnessSmokeTest.cs",".cs","170","True","63e7608a491ee814e8a40cf7fbc3bb30"
"Assets\Scripts\Doom\SpawnRules.cs",".cs","3804","True","106b2cca6a271784cbebf74b29ffcb99"
"Assets\Images\Tiny Swords\Units\Blue Units\Monk\Monk Blue Animations\Monk_Run_Blue.anim",".anim","2392","False","81f3de873193348f18457d7fc0bb74f6"
"Assets\Prefabs\SkillToken.prefab",".prefab","10627","True","6bbed9d6f53b30b4f952cdbf02719bfc"
"Assets\TextMesh Pro\Shaders\TMP_SDF-Mobile SSD.shader",".shader","3064","False","c8d12adcee749c344b8117cf7c7eb912"
"Assets\Images\Simple Fantasy GUI\PNG\Loading Bar\LoadingDemo.png",".png","492259","False","3337066f7ea9437419b50a86e0fb6ddd"
"Assets\Images\Simple Fantasy GUI\PNG\Icons\Helmet_Icon.png",".png","1329","False","f8fceb41b68ef0a4ea35add24f4635e0"
"Assets\Images\Fantasy Wooden GUI  Free\normal_ui_set A\TextBTN_Medium.png",".png","7211","True","efee20b64d1e73942a29ba61ce3379c3"
"Assets\Scripts\GameEvents\Events\Card Events\OnCloseCardMenu_MinCard.asset",".asset","412","True","d081b38f20f63ab4fb863ba7311cde5c"
"Assets\Tests\EditMode\ShrineRewardMessageTests.cs",".cs","1605","True","2587b402c0ab03247925a51761f6b7b4"
"Assets\Scripts\Doom\RunEndRules.cs",".cs","1051","True","3be5d946907805147ab8db0cec736bcc"
"Assets\Scripts\ScriptableObjectData\Non-Player\Enemies\DungeonEnemies\MageKiller.asset",".asset","726","True","f0a98594f36e54a4e98700da19e5dcb9"
"Assets\Images\IconArt\UI Assets\Ability_Skill_Icons\UI_Skill_Icon_Blackhole.png",".png","97598","False","eed44235dcbd621438f7c0c4f05e2356"
"Assets\Scripts\GameObjectScripts\CardListScripts\CardListController.cs",".cs","3123","True","d41f710dbf2a90e4ca54b45cf95b4e1a"
"Assets\Images\Tiny Swords\Units\Blue Units\Lancer\Lancer Blue Animations\Lancer_ UpRight_Attack_Blue.anim",".anim","2211","False","3732d760434284d35ac34741b9bd3b4b"
"Assets\Images\Simple Fantasy GUI\PNG\Quest Panel\Quest_Box.png",".png","33507","False","6d20ba642c3809649a3ffc929fc3bbc1"
"Assets\Scripts\UiLanguage\IconConcept.cs",".cs","499","True","4a9784a6b9450f44e8934feaa99a9398"
"Assets\TextMesh Pro\Shaders\TMP_SDF-URP Unlit.shadergraph",".shadergraph","277012","False","124c112a6e8f1a54e8b0870e881b56d8"
"Assets\Scripts\Leveling\LevelRules.cs",".cs","2329","True","5f0c63909a04d6142bc8c94d9b8aed6f"
"Assets\Images\Hero Knight - Pixel Art\Animations\BlockFlash_AnimController.controller",".controller","2112","False","10404af511fc2ec42a4f9a8af2e53bb7"
"Assets\Scripts\GameObjectScripts\DeckScripts\TurnFlowShortcuts.cs",".cs","1073","True","db8a226b16216c749834b7a56c846478"
"Assets\Images\Simple Fantasy GUI\Font\MedievalSharp SDF.asset",".asset","2148212","True","55358289a2692894cae93650d7d3a2c4"
"Assets\Images\Tiny Swords\Units\Purple Units\Lancer\Lancer_Down_Defence.png",".png","7289","False","f5037c870fcef4146997deb885596c30"
"Assets\TextMesh Pro\Resources\Sprite Assets\xp.asset",".asset","2796","True","b1d9eeea0790d6e478e768d075131d63"
"Assets\Images\Simple Fantasy GUI\PNG\Login Panel\LoginButton.png",".png","1740","True","a10be1c4d44d5e447bf2917dbeb8f2b8"
"Assets\Images\Images\checkmark.png",".png","10058","True","c59f10635ba552d459cf629757362f17"
"Assets\Scripts\CombatLayout\CombatLayoutRules.cs",".cs","6385","True","1ecf16dc9a8d6eb4b9788df1d13febac"
"Assets\Images\Tiny Swords\Buildings\Red Buildings\Archery.png",".png","10052","False","1d779a0d7152745999fafde02345208d"
"Assets\Prefabs\Managers\DataManager.prefab",".prefab","7744","True","bf2a41b6808581f4393e3a702745a1af"
"Assets\Scripts\GameEvents\EventTypes\EventTypes\PlayerEvent.cs",".cs","229","True","8f6b21506ffc06c4ea05f9c2ab5b86b5"
"Assets\TextMesh Pro\Resources\Sprite Assets\traitElusive.asset",".asset","2811","True","3a7584ec9ec17fe44b5fef6c48c64551"
"Assets\Scripts\GameEvents\Events\Tutorial Events\onLevelUp_NotifyTutorial.asset",".asset","439","True","74fee6a6196a406419a7a407e7ff8f8d"
"Assets\TileMap\hexUnderDirt00.asset",".asset","777","False","9a6dc27a55912a64b80f01eb3f7f67e0"
"Assets\Scripts\Managers\DungeonTracker.cs",".cs","3710","True","96d6c4caf157cef4298c6551dddc0095"
"Assets\Images\Tiny Swords\Units\Purple Units\Lancer\Lancer Purple Animations\Lancer_ Down_Attack_Purple.anim",".anim","2210","False","081e27d1444ec4c9880265f2a7a89573"
"Assets\TextMesh Pro\Resources\Sprite Assets\doom.asset",".asset","2800","True","e8b5e8a13c5cb434a8678f50ce15b0c9"
"Assets\Images\Simple Fantasy GUI\PNG\Character Bar\Player_Frame.png",".png","17186","False","7788578edcc370145ae5156b7d9370f9"
"Assets\Scripts\GameObjectScripts\PlayerScripts\MouseHexPointerSource.cs",".cs","2223","True","faf67c5eac549c1489ea94a84995eb34"
"Assets\Scripts\TilemapScripts\Dungeon Rule Tile.asset",".asset","652","True","1686068adb1eb2b4aafa28826217b22d"
"Assets\Images\RPG_inventory_icons\shield.png",".png","64379","True","b97c91e8b348f3f4ebdc11f5c82182cd"
"Assets\Terrain Tile Hex Samples\Example Scene\Example Tiles\plains00.asset",".asset","771","False","891d0c83332f38e4ea33b74817785b58"
"Assets\Images\Tiny Swords\Units\Yellow Units\Lancer\Lancer_Down_Defence.png",".png","7264","False","1d3a22665cca84b838ca1a25e9369f44"
"Assets\Images\Flat 2D Weapons\Art\PNG\3. Button\256\2. Combined.png",".png","11542","False","0cb20a64f87e34a4c8dc2049dd470b5e"
"Assets\Images\Tiny Swords\Buildings\Purple Buildings\House1.png",".png","5388","False","63fd15a6883534741a1f7c82fa6f84d1"
"Assets\Scripts\Rewards\RewardTuning.cs",".cs","1870","True","2413b91826b5d2044aefbef5311c9745"
"Assets\Scripts\Tutorial\Rail\pools.asset",".asset","805","True","9d51e58a206dd874fbadfb83e95c94d2"
"Assets\Images\Flat 2D Weapons\Art\PNG\1. Collection\128\1. Card.png",".png","3893","False","6c2e2c7ffe4e91747a9bfca2713af577"
"Assets\Images\Fantasy Wooden GUI  Free\normal_ui_set A\UI board Large stone.png",".png","490319","True","7066e0747291df44fa5c2bf93bee3a6e"
"Assets\Images\Tiny Swords\Units\Yellow Units\Lancer\Lancer_DownRight_Defence.png",".png","8672","False","1b7f0a3d28bc04b5f8345ee1489c711e"
"Assets\Images\Flat 2D Weapons\Art\PNG\1. Collection\512\12. Knives Shadow.png",".png","9426","False","bd091b1ae0aa06b4ca9276fb85433081"
"Assets\Tests\EditMode\DungeonLedgerTests.cs",".cs","2098","True","aff460a5bb4b9004c8d4ecdae3fbb3ba"
"Assets\Scripts\Rewards\ArchonsRise.Rewards.asmdef",".asmdef","353","True","97d92c8f17ae974468dc30cc5a8ef8f8"
"Assets\Images\Simple Fantasy GUI\PNG\Loading Bar\Progress_Bar.png",".png","1254","False","a5b93d32762c76c4ab4818b49c2f74dc"
"Assets\Images\Tiny Swords\Units\Black Units\Monk\Run.png",".png","5600","False","f85121b4693ec4eeaa3357746657f2cc"
"Assets\Scripts\CardPlay\WoundPlacementRules.cs",".cs","707","True","3d4b58e964085df47ab162b95c38ac0a"
"Assets\Scripts\GameObjectScripts\CardMenuScripts\StatEchoes.cs",".cs","1481","True","a753fe8177254f34bb58b0b822069886"
"Assets\Images\Fantasy Wooden GUI  Free\normal_ui_set A\UI board Large  parchment.png",".png","70943","True","43a7d98bd4222b64e933596512dc09ad"
"Assets\Scripts\Enums\Enums\StatType.cs",".cs","381","True","334567a6c66896149845dc8523acf1bb"
"Assets\Scripts\ScriptableObjectData\Player\Skills\Charismatic.asset",".asset","677","True","0b69646ee78111740acd73bfe213b808"
"Assets\Scripts\GameScriptableObjectTypes\SkillsSO.cs",".cs","621","True","2bfac2d3e9b507647b3e8a3054fd0626"
"Assets\Scripts\ScriptableObjectData\Player\StartingCards\Swiftness.asset",".asset","961","True","98e82d823f5ed414c91b3df57768953c"
"Assets\Images\Tiny Swords\Units\Black Units\Lancer\Lancer_Run.png",".png","11092","False","9ce89f9acaf664ab5814b5855f64c666"
"Assets\Tests\EditMode\StatPaletteTests.cs",".cs","1724","True","0abe0c3d0e4bddd438c1bf71bbcb014a"
"Assets\Images\Tiny Swords\Units\Yellow Units\Lancer\Lancer_Down_Attack.png",".png","6116","False","c7824b83ba5ee4d998da5ef8e34e9ec3"
"Assets\Scripts\SaveSystem\MapData.cs",".cs","137","True","d48d1d98a5156304b84db65dbd7448d7"
"Assets\Save.json",".json","3201","False","2805d52e4410bdc4fa4697e1559b0fc5"
"Assets\Images\Flat 2D Weapons\Art\PNG\1. Collection\256\12. Knives Shadow.png",".png","4290","False","d36eab77adc2c9f49b0cc72fcdc1ef56"
"Assets\Images\Tiny Swords\Units\Black Units\Warrior\Warrior_Run.png",".png","9778","False","e8f8918023c3f4319a6f266e8b74fc4c"
"Assets\Images\Tiny Swords\Units\Blue Units\Lancer\Lancer Blue Animations\Lancer_ Down_Attack_Blue.anim",".anim","2208","False","0b6c87c4cea7243dab8125eed2c8fd62"
"Assets\Scripts\GameObjectScripts\PlayerScripts\HexInteractor.cs",".cs","9460","True","e75fde305d029e74bbc3fdc1105bd4b3"
"Assets\Scripts\Doom\DungeonRules.cs",".cs","1952","True","86f0c0e7664674d478a02e73d776c6bf"
"Assets\Images\Tiny Swords\Units\Blue Units\Warrior\Warrior_Attack1.png",".png","8169","False","7476f60a6f46a4dd0a8657b2d8780e3e"
"Assets\Scripts\GameScriptableObjectTypes\DoomTuningSO.cs",".cs","339","True","fae55321675f7744ba8ee00f992eb02a"
"Assets\Scripts\Doom\DungeonLedger.cs",".cs","3232","True","9e52c83ba0ae88841833aaa8d7e9a541"
"Assets\Scripts\GameObjectScripts\LogUI\Toast.cs",".cs","1557","True","4d39abf32ced501499070fb6804af40c"
"Assets\Images\500FreeSkillIcons\Icons\traitLeech.png",".png","322194","True","fc7d858ca5a182e4d80d339cf0b50df2"
"Assets\Scripts\GameScriptableObjectTypes\CardsSO.cs",".cs","3927","True","3fcbe2ba764a438449dbfbdee3eac1f8"
"Assets\Images\Hero Knight - Pixel Art\Demo\HeroKnight.cs",".cs","6804","True","0f5034bc83802944c9bca57c55e08978"
"Assets\Terrain Tile Hex Samples\Hex Samples\hexForestPineSnowCovered00.png",".png","145603","False","c8985acae6a04d94f860af985498f9f9"
"Assets\Scripts\GameObjectScripts\UnitMenuScripts\UnitUseBar.cs",".cs","1046","True","933e8f609d1d2f24faad6f65448751e5"
"Assets\Images\Hero Knight - Pixel Art\Animations\HeroKnight_AnimController.controller",".controller","29747","False","3c2a5b7097b0fe44394328c0bdb9252e"
"Assets\Scripts\TurnFlow\ArchonsRise.TurnFlow.asmdef",".asmdef","376","True","7725f4c0357a39646bf77b36aef0336f"
"Assets\Animations\PlayerAvatar.controller",".controller","8542","True","604a6e56eb79bcf4b891e63ad31d380b"
"Assets\Prefabs\Unit.prefab",".prefab","11918","True","9e6b8f14674be7245b7058c23effbb8c"
"Assets\Images\Images\crystal_red.png",".png","44955","True","4806e6aca1adf2b439a4d324b243f4aa"
"Assets\Scripts\GameEvents\Events\Tutorial Events\onCrystalGained_NotifyTutorial.asset",".asset","445","True","e421ad73ae082bd46880eb17c4cdf9f8"
"Assets\Images\Tiny Swords\Units\Black Units\Lancer\Lancer Black Animations\Lancer_Idle_Black.anim",".anim","3942","False","e85c887070bb84dda92e16bd3cdaf921"
"Assets\Scripts\Managers\CombatController.cs",".cs","38790","True","9841df47e10896e4581fec695097c42b"
"Assets\Terrain Tile Hex Samples\Tile Samples\oceanCalm00.png",".png","84687","False","65f97617738bdcf40b2c6a3cc6fed0e1"
"Assets\Scripts\GameObjectScripts\PlayerScripts\ExperienceBar.cs",".cs","566","True","29d1abea55c1ff94b9b16cf54ffade3f"
"Assets\Animations\Warrior_Avatar.overrideController",".overridecontroller","339","True","cbf6dead4d845984ba5ae0505e0a44c7"
"Assets\TextMesh Pro\Sprites\EmojiOne Attribution.txt",".txt","187","False","381dcb09d5029d14897e55f98031fca5"
"Assets\Images\Flat 2D Weapons\Art\PNG\5. Spear\512\2. Shadow.png",".png","1007","False","fe9f4d3a66f1e3e43aa2f0a0d121bd85"
"Assets\Images\Tiny Swords\Buildings\Black Buildings\Tower.png",".png","6496","False","3cbd575d4968745d3a7f79a654fae04a"
"Assets\Terrain Tile Hex Samples\readme_tile_hex_samples.txt",".txt","6773","False","676b32b793e8b154092627e7bef58c62"
"Assets\Scripts\GameEvents\Events\Card Events\OnCardClick_OpenCardMenu.asset",".asset","413","True","b51ae141c8a37514586cd9b6bcb1aec5"
"Assets\Images\Tiny Swords\Units\Black Units\Archer\Archer_Run.png",".png","5370","False","a5b3456c6508847dc9324462f459cea7"
"Assets\Scripts\GameObjectScripts\GameBoardObjects\Rewards.cs",".cs","7055","True","df3b35e6f82310546a0d9ae632ec6541"
"Assets\Prefabs\StatChoiceToggles.prefab",".prefab","39502","True","1477c0d4fa294b8429515dc0f394bd22"
"Assets\Images\Images\beast.png",".png","21726","True","aab48357cb72e9a4f8fc2f7a043cb292"
"Assets\Images\Hero Knight - Pixel Art\Sprites\HeroKnight.png",".png","27706","True","ae297123f091bbf4e8f1835eb98fb293"
"Assets\Images\Tiny Swords\Units\Blue Units\Lancer\Lancer Blue Animations\Lancer_ DownRight_Attack_Blue.anim",".anim","2217","False","d0f31f9e9e2104b709089114a16732f2"
"Assets\Terrain Tile Hex Samples\Example Scene\Example Hexes\hexForestBroadleaf00.asset",".asset","783","False","aee732d35069dd24faf060c200577a17"
"Assets\Images\Flat 2D Weapons\Art\PNG\1. Collection\512\5. Sword.png",".png","19899","False","217feefd80e6d3e408f5c6e5cf6e6233"
"Assets\Scripts\SaveData\Tests\SaveMigratorTests.cs",".cs","1077","True","b54267d2732187d47ba0620de4c97d8b"
"Assets\Prefabs\GameTokens\EnemyToken.prefab",".prefab","8223","True","b6de90f7c867bd8498eeb54fb792c478"
"Assets\Tests\EditMode\TileDescriptorShrineTests.cs",".cs","780","True","cb8f8faadaed1da4ba48c6e79e3120b3"
"Assets\Scripts\GameObjectScripts\DeckScripts\EnemyDeck.cs",".cs","2818","True","4a4c5ce6ef4a8f547880963dc37fa595"
"Assets\Scripts\GameObjectScripts\GameBoardObjects\Crystal.cs",".cs","3127","True","a5825507aaa8b2743aaa8061b55dec07"
"Assets\Scripts\Places\ConquestLedger.cs",".cs","2167","True","bcb92f617f9892c40bcb1f45101707ab"
"Assets\Scripts\GameObjectScripts\GameBoardObjects\TownCard.cs",".cs","1362","True","2b892ffd5d69bce42ae4d9013e5ef4cc"
"Assets\Scripts\GameObjectScripts\TownMenuScripts\CrystalButton.cs",".cs","2195","True","9bc8c4de53088d642b89a58526066d98"
"Assets\TextMesh Pro\Resources\Sprite Assets\traitMiasma.asset",".asset","2806","True","e1e2db0335865184793582dc1df817c9"
"Assets\Images\Tiny Swords\Units\Blue Units\Warrior\Warrior_Run.png",".png","9809","False","d68bc01307d42455d93569208f8296bc"
"Assets\Scripts\GameEvents\Events\TownEvents\OnHealButtonClick_HealWounds.asset",".asset","417","True","8a82f25fa4728a341b3b55f7bcad1b44"
"Assets\TextMesh Pro\Shaders\TMP_SDF-Mobile Overlay.shader",".shader","8081","False","a02a7d8c237544f1962732b55a9aebf1"
"Assets\Tests\EditMode\ShrinePaymentRulesTests.cs",".cs","3799","True","c661e4b597b3b4f449a0ca0eee71553b"
"Assets\Images\Card_Shirts_Lite\PNG\Card_shirt_01.png",".png","1362400","False","c7bf45f0ef95bed4491c5809fc6bf484"
"Assets\Scripts\SaveSystem\EnemyData.cs",".cs","139","True","ef0482e9deb705842a9aced829df9a0d"
"Assets\TextMesh Pro\Resources\Fonts & Materials\LiberationSans SDF - Drop Shadow.mat",".mat","2975","True","e73a58f6e2794ae7b1b7e50b7fb811b0"
"Assets\Plugins\Demigiant\DOTween\Editor\DOTweenEditor.dll",".dll","66048","False","45d5034162d6cf04dbe46da84fc7d074"
"Assets\Scripts\GameObjectScripts\PlayerScripts\PlayerPosition.cs",".cs","1689","True","aaf4c6338e21b49498e53dd4ef753bce"
"Assets\Scripts\Managers\RunEndController.cs",".cs","3531","True","efc0e685d175421448a691b9532f94ac"
"Assets\Images\Flat 2D Weapons\Art\PNG\3. Button\128\1. Button.png",".png","3254","False","9879b0b536540f94cbbde67e1302c227"
"Assets\Scripts\UnitPlay\ArchonsRise.UnitPlay.asmdef",".asmdef","399","True","ac9e13422fb53574da9e5a7e444fae60"
"Assets\Images\RPG_inventory_icons\hp.png",".png","70872","False","e52ea25af699fd445b7046374f81a5b9"
"Assets\Images\Tiny Swords\Units\Blue Units\Lancer\Lancer_Run.png",".png","11232","False","ce378960746b14f2d830cac2b7d11921"
"Assets\Scripts\CardPlay\CardZonePlan.cs",".cs","526","True","13b2e5ecc83ecf147b238464679f3a56"
"Assets\Images\Tiny Swords\Units\Yellow Units\Archer\Archer Yellow Animations\Archer_Run_Yellow.anim",".anim","2394","False","3d6529c451e7d404494225fb7dc4a703"
"Assets\Images\Tiny Swords\Buildings\Red Buildings\House3.png",".png","4429","False","b6eafc6c638784324becfa1966effa56"
"Assets\Scripts\Tutorial\TutorialRules.cs",".cs","5088","True","2d39961965aea724cbe9f3e8c6c34c1e"
"Assets\Scripts\ScriptableObjectData\Player\StartingCards\Influence.asset",".asset","1001","True","33f3afbee49303641a0608041d15177a"
"Assets\Images\Tiny Swords\Units\Purple Units\Lancer\Lancer_Right_Defence.png",".png","7364","False","0f347158d8d694b1887bb29a4478e1cb"
"Assets\Images\Flat 2D Weapons\Art\PNG\5. Spear\512\1. Spear.png",".png","3999","False","d96ef81066ee4a945ac717610c1ddd83"
"Assets\Images\Tiny Swords\Units\Blue Units\Archer\Archer_Run.png",".png","5327","False","a2db8ff0b36884d3680f752d33764b12"
"Assets\Scripts\GameEvents\Listener\GameObjectListener.cs",".cs","194","True","8c3ee9121e79581429b566c5d4d054f6"
"Assets\Tests\EditMode\CombatLayoutRulesTests.cs",".cs","7596","True","7006a9edcf99a524296bccf842caf59d"
"Assets\TextMesh Pro\Resources\Sprite Assets\traitBrutal.asset",".asset","2810","True","14335ecbf4ca39a45b59fc0d2d408dee"
"Assets\Scripts\Managers\Commands\BlockCommand.cs",".cs","866","True","724a661ff4f016f42a38330d20710d83"
"Assets\Scripts\UiLanguage\IconMarkup.cs",".cs","7317","True","885b22f194a432041adf629fb6cd6e00"
"Assets\Scripts\GameEvents\Events\PlayerEvents\onSkillClick_PerformSkillAction.asset",".asset","447","True","630036c603fdb90478ab4953ebc0a5ae"
"Assets\Images\RPG_inventory_icons\book.PNG",".png","67235","True","ae496f5dad56ea645b72d374a0376368"
"Assets\Images\Flat 2D Weapons\Art\PNG\6. Knife\256\2. Shadow.png",".png","2045","False","0bcb08cb434d3694c875442ae28ded6f"
"Assets\Scripts\Rewards\ModalQueueCore.cs",".cs","1264","True","d8f87c60a1c59c04495e1d47789ff397"
"Assets\Input\Controls.inputactions",".inputactions","12358","True","bb8a70a14f86acf4991cf9da8202a912"
"Assets\Scripts\CardPlay\CombatRules.cs",".cs","2359","True","a3eba5ad4ebd5e940a75d1185c412760"
"Assets\Images\Tiny Swords\Units\Black Units\Lancer\Lancer_Up_Attack.png",".png","5139","False","be118e63c234e497688220e0d51b618f"
"Assets\Animations\GemShine.anim",".anim","10837","True","6ea4e16aeda3fbb49888e36828a27246"
"Assets\Scripts\Tutorial\Rail\fight-attack.asset",".asset","740","True","101bde57b9c74467abd8f8dace32713e"
"Assets\Images\Tiny Swords\Units\Purple Units\Warrior\Warrior_Guard.png",".png","7440","False","75208c2bfba6f4cdfafb875e643d06f7"
"Assets\Scripts\CardPlay\InspectorNavRules.cs",".cs","4083","True","00964bc597e49b8468dd4a0b39e02255"
"Assets\TextMesh Pro\Shaders\TMPro.cginc",".cginc","2277","False","407bc68d299748449bbf7f48ee690f8d"
"Assets\Tests\EditMode\CombatPhaseRulesTests.cs",".cs","1392","True","a6c41af58fc45ef4db3db616aaf6dabd"
"Assets\TextMesh Pro\Resources\Sprite Assets\menu.asset",".asset","2795","True","69826e238cd5b23429faeb2fdded790a"
"Assets\Images\Tiny Swords\Units\Blue Units\Lancer\Lancer_Right_Attack.png",".png","4798","False","e9222978b50fc478bac2042c170d401a"
"Assets\Animations\GemStatic.anim",".anim","1297","True","8d6d9f8290729504fab7149966963d4a"
"Assets\Scripts\TilemapScripts\MountainRuleTile.asset",".asset","640","True","48c2b4b83a3d26a4087cd3cda9cf0026"
"Assets\Images\Tiny Swords\Units\Red Units\Monk\Run.png",".png","5616","False","c4149ffdf40a0428da51a00ee56a7aa0"
"Assets\Scripts\Hand\FanMath.cs",".cs","886","True","d036ec5a178ee0249a0fe19d2ee2e133"
"Assets\Scripts\Hotspots\HotspotRules.cs",".cs","815","True","178762ff21b07b344b716334faaad7b0"
"Assets\Images\Flat 2D Weapons\Art\PNG\1. Collection\256\10. Spear Shadow.png",".png","1002","False","7e6eab399ff7811409c0104bbd695e78"
"Assets\Scripts\Exploration\ArchonsRise.Exploration.asmdef",".asmdef","371","True","2aade6ecb3a51e7458e65fe4ea21a65d"
"Assets\TileMap\hexMountain00.asset",".asset","776","False","18ef5a2d375d80146878b81237f5b3bb"
"Assets\Scripts\GameObjectScripts\TutorialScripts\TutorialBanner.cs",".cs","1199","True","c7eb54a07bfc1a545bb2493e0a9a84cd"
"Assets\Images\Simple Fantasy GUI\PNG\Login Panel\LoginPassword_Box.png",".png","1694","False","19c4df2c9c38ace4fbf0731a1dbe0527"
"Assets\Scripts\Places\PlaceService.cs",".cs","433","True","4ded84d69e113d94d9bfbb167ea18bbf"
"Assets\Images\Simple Fantasy GUI\PNG\Menu Panel\Button.png",".png","1920","False","26d2e70834704ab4caaa1bcabebb3873"
"Assets\Scripts\TilemapScripts\WaterRuleTile.asset",".asset","1156","True","7c34875a940d3494b98b4daa12ca21f6"
"Assets\Images\Hero Knight - Pixel Art\Animations\HeroKnight_Attack3.anim",".anim","2214","False","c42aa71ad221ea349a7ee113bb662657"
"Assets\Scripts\GameEvents\Listener\IntListener.cs",".cs","166","True","c10850a630a2aaf438d873fd5b68c1d6"
"Assets\Scripts\TurnFlow\RoundRules.cs",".cs","1206","True","1de48e32f89c3e146bdc8b4b9bf3dd6e"
"Assets\Images\Flat 2D Weapons\Art\PNG\1. Collection\128\7. Knife.png",".png","3910","False","cc8ca633320d93947b0613d6b47aa48c"
"Assets\TextMesh Pro\Resources\Sprite Assets\Sword.asset",".asset","2677","True","53b0e77de90a8d64082c7d399e24594f"
"Assets\Images\Tiny Swords\Units\Purple Units\Archer\Archer Purple Animations\Archer_Idle_Purple.anim",".anim","2785","False","9a783e7e00f1b4969a4bf284f515482e"
"Assets\Images\Tiny Swords\Units\Red Units\Lancer\Lancer Red Animations\Lancer_ DownRight_Attack_Red.anim",".anim","2216","False","3aac93c89044547f29bf3d985ee61e02"
"Assets\Scripts\GameEvents\Events\Card Events\OnPlay_SetCardDataToPlayer.asset",".asset","415","True","e2dc5730fc38009448b4d7fe377c1346"
"Assets\Images\500FreeSkillIcons\Icons\traitOutrider.png",".png","306834","True","ec965db1c67d8774bb6153abc65b0449"
"Assets\Images\Tiny Swords\Units\Red Units\Warrior\Warrior Red Animations\Warrior.controller",".controller","5254","False","f172b4eeb829d4ec2b9b7a42f3efa3ef"
"Assets\Scripts\GameObjectScripts\PlayerScripts\HexTooltip.cs",".cs","2911","True","869e9cffe5dc9244a94e2b3479ce7b9b"
"Assets\Images\Simple Fantasy GUI\PNG\Inventory\Coin_Icon.png",".png","3211","False","2a1c781e35926804da1a57d450ea2c86"
"Assets\Prefabs\PlayerStats.prefab",".prefab","38375","True","19abde103f191d547be6d05d99de8c13"
"Assets\Scripts\GameEvents\Listener\EnemyCardListener.cs",".cs","190","True","c535778111a7302429cd5d1c303149a4"
"Assets\Images\Tiny Swords\Units\Purple Units\Warrior\Warrior Purple Animations\Warrior_Guard_Purple.anim",".anim","2791","False","beccb27e9776e44a6ad3c3f881b01270"
"Assets\Animations\SwordStatic.anim",".anim","1299","True","8dc3739a03b36cd4195bf2219508384a"
"Assets\TextMesh Pro\Shaders\SDFFunctions.hlsl",".hlsl","6021","False","96de908384869cd409c75efa351d5edf"
"Assets\Images\Tiny Swords\Buildings\Yellow Buildings\House1.png",".png","5349","False","dfe3f9e8e9ccc4cd7843a9d657ab5fe2"
"Assets\Images\Tiny Swords\Units\Red Units\Warrior\Warrior Red Animations\Warrior_Guard_Red.anim",".anim","2788","False","80e5a5e43c5454bed844b3756a3b4bfb"
"Assets\Scripts\GameObjectScripts\TownMenuScripts\TownMenu.cs",".cs","1759","True","5e037038b61da434a88add708b84ebba"
"Assets\Images\Tiny Swords\Units\Blue Units\Lancer\Lancer_Up_Attack.png",".png","5219","False","fe58c1206463e41038c8e61414f84d8e"
"Assets\Images\Images\bear.png",".png","2244","True","6b537c4fddb773a44add84a3fc4e0c71"
"Assets\TextMesh Pro\Shaders\TMPro_Properties.cginc",".cginc","2707","False","3997e2241185407d80309a82f9148466"
"Assets\Images\Tiny Swords\Units\Blue Units\Archer\Archer Blue Animations\Archer_Blue.controller",".controller","3640","False","e69e54e6f75584bf382ddbe934f532b6"
"Assets\Animations\PlayerPosition.controller",".controller","2861","False","289374ae5c3ec214695af6d83aaecf25"
"Assets\Scripts\ScriptableObjectData\Player\Skills\Shieldwall.asset",".asset","648","True","f54287a1c3d0e6e44bc4a5be511e1c06"
"Assets\Scripts\GameObjectScripts\TownMenuScripts\CardButton.cs",".cs","1010","True","a891302d71671654196e1e8f9bf77733"
"Assets\Images\Tiny Swords\Units\Red Units\Warrior\Warrior Red Animations\Warrior_Idle_Red.anim",".anim","3167","False","508c32652f13046059ce651bd1dbf56a"
"Assets\Images\Tiny Swords\Buildings\Blue Buildings\House2.png",".png","5938","False","c3dedc0ecab4047cc891892591447655"
"Assets\Scripts\GameEvents\Events\TownEvents\onRecruitButtonClick_RecruitUnit.asset",".asset","421","True","f615714c2d129f74ea6b6d8b68006906"
"Assets\Images\Hero Knight - Pixel Art\Sprites\HeroKnight_DeathNoBlood.png",".png","3310","False","432e48af0c833ad4587d222b812b844f"
"Assets\Scripts\MapMode\ArchonsRise.MapMode.asmdef",".asmdef","353","True","0c4d854377380934db62f58fc6e22333"
"Assets\Tests\EditMode\StatEchoPlanTests.cs",".cs","1107","True","549c233a87685554ba75d83da38bf666"
"Assets\Scripts\Managers\DoomClock.cs",".cs","1414","True","475f9d3e65ffce04c814d6cf6b58eb21"
"Assets\Scripts\GameScriptableObjectTypes\ShrineSO.cs",".cs","1419","True","69e95128aab9b544b92193f8e2bb55d5"
"Assets\Scripts\CardPlay\DefeatFxMath.cs",".cs","883","True","04e5c340e46d9af4795a8f45f79578b9"
"Assets\Images\Fantasy Wooden GUI  Free\normal_ui_set A\TextBTN_Cancel_Pressed.png",".png","13387","False","9494e936ef153d148aaddfa6db5fb773"
"Assets\Scripts\Managers\HotspotTracker.cs",".cs","1972","True","3c24a9c66e20e5844bf36f9d6e5d9216"
"Assets\Images\Flat 2D Weapons\Art\PNG\1. Collection\256\9. Sword Shadow.png",".png","2181","False","6c645a30129d0e844855c39aedd9ff77"
"Assets\Images\Tiny Swords\Units\Yellow Units\Lancer\Lancer Yellow Animations\Lancer_ Down_Attack_Yellow.anim",".anim","2210","False","e6cae7f4bb3b94f8b931593276e24963"
"Assets\Images\Tiny Swords\Units\Red Units\Monk\Monk Red Animations\Monk_Red.controller",".controller","3631","False","89982da2b368f41848074f38ca2f2e0a"
"Assets\Images\IconArt\UI Assets\Ability_Skill_Icons\UI_Skill_Icon_Buff.png",".png","87816","True","a2563f2b8dbc4044b9a50537d3a29962"
"Assets\Scripts\ScriptableObjectData\Non-Player\Locations\Redonya.asset",".asset","1634","True","d804fc544803be64cb8f37d087eac876"
"Assets\Images\Tiny Swords\Units\Yellow Units\Lancer\Lancer_DownRight_Attack.png",".png","6800","False","c5f0d12c529bb4b60bf82c7e06a688dc"
"Assets\Images\Images\treant.png",".png","35425","True","60d32b31f9f7ba94499917ae36aa6298"
"Assets\Images\RPG_inventory_icons\necklace.PNG",".png","43784","False","0e123cfdc54a3ca4684816a34167a566"
"Assets\TextMesh Pro\Shaders\TMP_Bitmap.shader",".shader","3839","False","128e987d567d4e2c824d754223b3f3b0"
"Assets\Scripts\TilemapScripts\DungeonRuleTile.cs",".cs","174","True","454727b15330bc940887edb0af4d14c7"
"Assets\Images\Tiny Swords\Units\Red Units\Warrior\Warrior Red Animations\Warrior_Attack2_Red.anim",".anim","2396","False","f45c26afbfc5b44fcb2ec40c9eb8ee1a"
"Assets\Images\Fantasy Wooden GUI  Free\normal_ui_set A\TextBTN_Cancel.png",".png","15100","False","480144379cc9c7d47a8e19f58b0e6ee3"
"Assets\Images\Tiny Swords\Units\Purple Units\Monk\Monk Purple Animations\Monk_Run_Purple.anim",".anim","2394","False","86045d278e601495086e19b0dfdf9ace"
"Assets\Images\Tiny Swords\Buildings\Purple Buildings\Tower.png",".png","6494","False","c84d25441265a4e42b000f20f8fb20d8"
"Assets\Prefabs\UnitOptionRow.prefab",".prefab","11094","True","4b508367a83fcd94cae6d28b48000fe5"
"Assets\Scripts\Tutorial\TutorialStepSO.cs",".cs","815","True","92261ec319cf8834eb6d46a8c063b0ec"
"Assets\Scripts\CardPlay\CardPlaySelection.cs",".cs","5429","True","1228439014ddff94b9824b7bd0435975"
"Assets\Images\Hero Knight - Pixel Art\Sprites\EnvironmentTiles.png",".png","1196","False","f094595c900579d4c85a02612d8fa36c"
"Assets\Scripts\GameEvents\EventTypes\EventTypes\CardEvent.cs",".cs","221","True","96e7e57c397e9da45872bc455ea5f570"
"Assets\Images\IconArt\UI Assets\Ability_Skill_Icons\UI_Skill_Icon_Recon.png",".png","86393","False","37de44bcb59b8174497def1957cc490b"
"Assets\Scripts\GameObjectScripts\CardMenuScripts\RewardCanvas\CardPreview.cs",".cs","1213","True","86be9e2334f4e1749b33e01ad8baa345"
"Assets\Scripts\ScriptableObjectData\Non-Player\Enemies\HugeSpider.asset",".asset","737","True","f6eeea390d0336b419b0a99cef36cf98"
"Assets\Prefabs\Managers\GameManager.prefab",".prefab","4198","True","13e87cbb1de3a74438be2883742d8a3e"
"Assets\Scripts\GameEvents\Listener\PlayerListener.cs",".cs","178","True","fb74dc2ff431a6a419542d2ce7cb3ce7"
"Assets\TextMesh Pro\Resources\Sprite Assets\EmojiOne.asset",".asset","13831","True","c41005c129ba4d66911b75229fd70b45"
"Assets\TextMesh Pro\Resources\Sprite Assets\Heal.asset",".asset","2672","True","55dd6194ae63f34468fab81f22e55cb1"
"Assets\Images\500FreeSkillIcons\Icons\traitIronclad.png",".png","400404","True","45483fed0e4221d4c8f7bd6b92baf04e"
"Assets\Terrain Tile Hex Samples\Tile Samples\below_dirt00.png",".png","34127","False","ac3b9336e27c3f1458c6eb4f97a99718"
"Assets\Images\500FreeSkillIcons\Icons\traitHulking.png",".png","339332","True","0d74bdb806bf9f54d9cfb1facd944ef1"
"Assets\Tests\EditMode\UnitNavRulesTests.cs",".cs","888","True","99a3d2f7cbfa00a44b91aa26e83040f2"
"Assets\Images\Turbo Disk\Dark Fantasy RPG Icons - Free Basic Pack (25)\Icons\512\wound.png",".png","404596","True","e42000263f7a2d14a9c99986bb2dd141"
"Assets\Images\Tiny Swords\Units\Black Units\Lancer\Lancer Black Animations\Lancer_ Up_Attack_Black.anim",".anim","2211","False","bc355a4c2ea864e8795df1fae0042637"
"Assets\Scripts\GameEvents\UnityEvents\UnityVoidEvent.cs",".cs","185","True","bc64a9f438b15be42883e266e5c8f307"
"Assets\Scripts\Shrines\ShrineRules.cs",".cs","820","True","652b9cbe9c786684b9b261fab73754a1"
"Assets\TextMesh Pro\Resources\Sprite Assets\traitHarrying.asset",".asset","2816","True","cc2327145622fea4da01e5eb71ace6c2"
"Assets\Scripts\GameScriptableObjectTypes\LocationsSO.cs",".cs","352","True","b5f8237e022339947a2f81b637ad4f07"
"Assets\Prefabs\EnemyCard.prefab",".prefab","83073","True","2135c2b1e390e5a4f92af81d9fd82976"
"Assets\Animations\InfluenceIcon.controller",".controller","4195","True","7eec1afd3135de949ba9e3b78159edc3"
"Assets\Images\Tiny Swords\Units\Red Units\Lancer\Lancer_Up_Attack.png",".png","5185","False","c68787be7f31846a08cf0110f4debff8"
"Assets\TextMesh Pro\Shaders\TMP_SDF-HDRP UNLIT.shadergraph",".shadergraph","279909","False","f63d574838ccfb44f84acc05fed0af48"
"Assets\Images\Simple Fantasy GUI\PNG\Quest Panel\QuestDemo.png",".png","124879","False","0c89fb34eb40dac459225c387c909660"
"Assets\Scripts\GameEvents\EventTypes\EventTypes\PlayerHandEvent.cs",".cs","247","True","e054b957022d75740b24439a60bb7245"
"Assets\Scripts\GameObjectScripts\CardMenuScripts\Sections\StatSegment.cs",".cs","3468","True","8c912b2edccdd4648813eabf54296cf1"
"Assets\Tests\EditMode\PreviewRulesTests.cs",".cs","1544","True","4cc269ecfa18b194f9080fd5b5c92e9f"
"Assets\Tests\EditMode\RewardRulesTests.cs",".cs","3746","True","106860b9fee8a7b499e784f17e7597a5"
"Assets\Prefabs\Menu\MainMenu.prefab",".prefab","45618","True","61039bcdeae03fa49aee766811f9d08a"
"Assets\Scripts\GameEvents\Events\PlayerEvents\PlayerIntEvent\OnToughnessChanged.asset",".asset","432","True","c3554fa3a93d0c045b67cf1a0677f6df"
"Assets\Images\Tiny Swords\Buildings\Yellow Buildings\Tower.png",".png","6581","False","defebd30b7d2e4bff960711bed04e54f"
"Assets\Scripts\GameEvents\Events\CommandEvents\OnPlay_SendInfluenceCommandInformationToUndoButton.asset",".asset","439","False","bf34ceddcf5c0fb45bb3eba9e2f6b94f"
"Assets\Images\Hero Knight - Pixel Art\Animations\HeroKnight_Idle.anim",".anim","2170","False","bc491eda18313944992f294a35d8f6d2"
"Assets\Images\Hero Knight - Pixel Art\Animations\HeroKnight_WallSlide.anim",".anim","2072","False","5a35959702075e04f8f61c130192a2d3"
"Assets\Images\Flat 2D Weapons\Art\PNG\2. Card\256\2. Background of Card.png",".png","1584","False","8bc077b07e582cb4fbfbd681407d97cc"
"Assets\Plugins\Demigiant\DOTween\Modules\DOTweenModuleEPOOutline.cs",".cs","7009","True","e944529dcaee98f4e9498d80e541d93e"
"Assets\Scripts\GameEvents\Events\PlayerEvents\sendNewPositionOfPlayer.asset",".asset","412","True","4420676a60988d04a8d00a132a0d9589"
"Assets\Tests\EditMode\DefeatMessageTests.cs",".cs","952","True","a30bb8f225028824abce50e811104157"
"Assets\Scripts\ScriptableObjectData\Player\Skills\Commander.asset",".asset","651","True","f55e716aaaf339f49b0dae6d22408fd3"
"Assets\Images\500FreeSkillIcons\Icons\traitElusive.png",".png","367575","True","066a1d8aeade1824694b664d88d8ad36"
"Assets\TextMesh Pro\Shaders\TMP_SDF-Surface.shader",".shader","4353","False","f7ada0af4f174f0694ca6a487b8f543d"
"Assets\Images\Flat 2D Weapons\Art\PNG\4. Sword\256\1. Sword.png",".png","10064","False","5d9750178377b2f48835b1f7798171c7"
"Assets\Scripts\Exploration\HexActionRules.cs",".cs","2700","True","a7aa4e0bb4bae66498e437b402167105"
"Assets\Scripts\Tutorial\Help\hud.asset",".asset","941","True","96fe54084772420f9dced402df57bbd4"
"Assets\Images\Fantasy Wooden GUI  Free\normal_ui_set A\Division line.png",".png","4221","False","b7d245916891cca47a0144e12a82e086"
"Assets\Scripts\Managers\EventManager.cs",".cs","465","True","8ad77b04f0104bb418f41812064476a8"
"Assets\Scripts\Tutorial\Help\place-menu.asset",".asset","794","True","81b7fbd5e86f4395af130f2f6b006ecb"
"Assets\Images\Simple Fantasy GUI\PNG\Login Panel\Login_Box.png",".png","17789","False","df1945708fc4d6742b37268ae519a4b1"
"Assets\Images\Fantasy Wooden GUI  Free\normal_ui_set A\UI board Small  stone.png",".png","172863","False","8dd861a6e819de241bca68a36048a6bd"
"Assets\Scripts\ScriptableObjectData\Player\Cards\Mobilize.asset",".asset","1098","True","91a2181ed83d82646bf3ca9cbdb55c46"
"Assets\Scripts\GameObjectScripts\DeckScripts\Deck.cs",".cs","432","True","0f8a5bdb32aaef947b659cdb854929b3"
"Assets\Tests\EditMode\ConquestLedgerTests.cs",".cs","2845","True","0d46de2fb32a56c408e4d4d9df9e0b61"
"Assets\Images\RPG_inventory_icons\bracers.PNG",".png","52839","False","70a77abda853dd941a0c8debf1de9b04"
"Assets\Tests\EditMode\CombatRulesTests.cs",".cs","4015","True","5980a8ed9053c064ebf06cc3a8609cdf"
"Assets\Images\Hero Knight - Pixel Art\Sprites\BlockFlash.png",".png","544","False","a75445bb16444f14f96fdf9c734945cc"
"Assets\Prefabs\GridPrefab\PlayerPosition.prefab",".prefab","10476","True","7a042ece69ad5a540a041076a2f16abe"
"Assets\Images\Tiny Swords\Units\Black Units\Warrior\Warrior_Attack2.png",".png","9015","False","44645e4f57549432fa7df8fe5fd7a0b1"
"Assets\Scripts\Managers\TurnPhaseController.cs",".cs","6744","True","4d2c3ef8cf67e0549a9495b1e8485168"
"Assets\Images\Tiny Swords\Units\Blue Units\Lancer\Lancer_Right_Defence.png",".png","7399","False","e866bb784713d48539eb6117827304c8"
"Assets\Animations\CombatBackgroundAnimation.anim",".anim","9953","False","620b4fcf9284c104e9407dde16c1c98b"
"Assets\Scripts\ScriptableObjectData\Non-Player\Enemies\GoblinPack.asset",".asset","745","True","247e967b80c7c7848b7d9c12d40d86dd"
"Assets\Scripts\ScriptableObjectData\Non-Player\Enemies\DungeonEnemies\Sorceror.asset",".asset","715","True","5e1e6b87496053548b95c311db7fc5da"
"Assets\TextMesh Pro\Resources\Sprite Assets\keep.asset",".asset","2803","True","d659985552b428b4c9a0871720f54feb"
"Assets\Images\Tiny Swords\Units\Red Units\Monk\Idle.png",".png","6533","False","088c72b8c44664ef7ba139bf42990072"
"Assets\Tests\EditMode\HealRulesTests.cs",".cs","1256","True","3111a6f8502ce014f83f4e169eef898d"
"Assets\Images\Tiny Swords\Units\Yellow Units\Monk\Monk Yellow Animations\Monk_Heal_Yellow.anim",".anim","3746","False","a81d2afa8a09b45598efae6c70b8374d"
"Assets\Images\IconArt\UI Assets\Ability_Skill_Icons\UI_Skill_Icon_Pound.png",".png","96045","False","61dab0b6e506c6a43b12d9fde15b2393"
"Assets\Scripts\ScriptableObjectData\Non-Player\Enemies\BanditFootsoldier.asset",".asset","826","True","46f5d3a8bf5ea234198cf0f02b227bcf"
"Assets\Images\Simple Fantasy GUI\PNG\Icons\Coin_Icon.png",".png","3211","False","45ff5a9f5ffb13c48a6d5b706cdf0e53"
"Assets\Scripts\GameObjectScripts\Leveling\SkillBar.cs",".cs","613","True","d49c83288a286ef49be16f2a711f81b3"
"Assets\Images\Tiny Swords\Units\Enemy Pack - Promo\Enemy Pack_Promo.png",".png","159522","False","a63f4d092821d4f38b437c756163a88a"
"Assets\Scripts\ScriptableObjectData\Non-Player\Dungeons\Howling Caverns.asset",".asset","842","True","02823a266e6d7a949a683207ea755b01"
"Assets\Images\Tiny Swords\Units\Black Units\Lancer\Lancer Black Animations\Lancer_ Run_Black.anim",".anim","2786","False","635ec54a311ee44fb83b6cd3e6dacc43"
"Assets\TextMesh Pro\Resources\Sprite Assets\town.asset",".asset","2809","True","c05b54bee0bacbf4caed52200430df2f"
"Assets\Terrain Tile Hex Samples\Tile Samples\forestBroadleaf00.png",".png","154772","False","089ec694c2f50a748a5f490fa5616b5a"
"Assets\Scripts\GameObjectScripts\PlayerScripts\PlayerHand.cs",".cs","10640","True","f430c9cf630cd414d9e768164f010a2f"
"Assets\Plugins\Demigiant\DOTween\Modules\DOTweenModuleUI.cs",".cs","43006","True","a060394c03331a64392db53a10e7f2d1"
"Assets\Images\Fantasy Wooden GUI  Free\normal_ui_set A\IRONY TITLE  empty.png",".png","32411","False","4d6a99baee23b654f9e4bb672ae0b438"
"Assets\Prefabs\Menu\ShrineCrystalSlot.prefab",".prefab","7981","True","2b1cee95de0b3274f9e43cfd76edcf18"
"Assets\Images\Tiny Swords\Buildings\Purple Buildings\Barracks.png",".png","9946","False","4662086ff40e74adaae2e3b21872ada7"
"Assets\Scripts\SaveData\Tests\SaveMigratorV6Tests.cs",".cs","1159","True","ff58912ecc7e21d42841852d44c86a44"
"Assets\Images\Flat 2D Weapons\Art\PNG\1. Collection\128\9. Sword Shadow.png",".png","1034","False","f4ee4213c581f6249bbe32ebb7e5052f"
"Assets\Scripts\ScriptableObjectData\Player\Rewards\Units\Aeromancer.asset",".asset","1032","True","0b10e160bfd81de448cd27690a82ab6b"
"Assets\Images\Tiny Swords\Units\Blue Units\Warrior\Warrior Blue Animations\Warrior_Blue.controller",".controller","5264","False","aa1112b337436413a9e3f0f07d8475c2"
"Assets\Scripts\GameObjectScripts\Leveling\LevelUpController.cs",".cs","1802","True","238f8cb95a6300c4c98e80ca8680189f"
"Assets\Terrain Tile Hex Samples\Example Scene\Example Hexes\hexBase01.asset",".asset","798","True","8a0c54bf2ddd99346a14eae6528065cf"
"Assets\TextMesh Pro\Shaders\TMP_SDF.shader",".shader","11027","True","68e6db2ebdc24f95958faec2be5558d6"
"Assets\Images\Flat 2D Weapons\Art\PNG\5. Spear\256\2. Shadow.png",".png","1007","False","91dca095aabe9f341b207f7572579223"
"Assets\Scripts\ScriptableObjectData\Player\Skills\CrystallizeRed.asset",".asset","675","True","bbeecc9efeee5d942b70986be229bc60"
"Assets\TextMesh Pro\Resources\Style Sheets\Default Style Sheet.asset",".asset","5539","True","f952c082cb03451daed3ee968ac6c63e"
"Assets\TextMesh Pro\Resources\TMP Settings.asset",".asset","1840","True","3f5b5dff67a942289a9defa416b206f3"
"Assets\Scripts\Avatar\ArchonsRise.Avatar.asmdef",".asmdef","198","True","e73aa2118798657448294a608efd0f68"
"Assets\Images\Tiny Swords\Buildings\Purple Buildings\House2.png",".png","5943","False","cc7e4ac7dc23447c0899b7d94a5f2b60"
"Assets\Scripts\GameObjectScripts\UnitMenuScripts\UnitPickerPanel.cs",".cs","3460","True","1e81647988bf0564ea0001c7739dd7fa"
"Assets\Images\Tiny Swords\Units\Red Units\Lancer\Lancer_UpRight_Defence.png",".png","7931","False","b71f4002b7aa146e7b1f88a079e94082"
"Assets\Plugins\Demigiant\DOTween\DOTween.XML",".xml","223033","False","34192c5e0d14aee43a0e86cc4823268a"
"Assets\Terrain Tile Hex Samples\Hex Samples\hexUnderDirt00.png",".png","60662","False","1520d4794d33e5f458ffbd1ba893e903"
"Assets\Scripts\ScriptableObjectData\Non-Player\Map\UnstablePortal.asset",".asset","745","True","7aa776d9fab6b6943bc24dbdacc28848"
"Assets\Scripts\CardList\ArchonsRise.CardList.asmdef",".asmdef","219","True","5322d1ed9a035d549ba1f5ffb6c930e5"
"Assets\Animations\SiegeIcon.controller",".controller","4228","True","27fb2d97001977946905f1427edafad5"
"Assets\Scripts\GameObjectScripts\PlaceUI\FanLayout.cs",".cs","1195","True","ae8f7db5f125d6c43a108a8c28b951c0"
"Assets\Scripts\GameEvents\Events\ToggleEvents\OnToggle_SetDefendListenerCommand.asset",".asset","422","False","42e2495e53fd9224eb9a1de6f8342bde"
"Assets\Terrain Tile Hex Samples\Example Scene\Example Tiles\jungle00.asset",".asset","771","False","2921f75585912224b99f465ae1088e31"
"Assets\Images\Hero Knight - Pixel Art\Animations\HeroKnight_Roll.anim",".anim","2314","False","5118900a0fbea814ea3ffb8fada43696"
"Assets\Animations\ScrollStatic.anim",".anim","1300","True","79641565e0204b44da57c3519466b527"
"Assets\Images\Tiny Swords\Units\Blue Units\Lancer\Lancer Blue Animations\Lancer_ Up_Defence_Blue.anim",".anim","2788","False","e435860810f1b4c89bf1b03ac459fab0"
"Assets\Scripts\GameEvents\UnityEvents\UnityGameObjectEvent.cs",".cs","197","True","df680c33aa7ccdd46bf2814dbf1bf731"
"Assets\Images\Hero Knight - Pixel Art\Animations\SlideDust.anim",".anim","2566","False","bd6fb9b284d6e4740bd5aff8b767fd25"
"Assets\Plugins\Demigiant\DOTween\readme.txt",".txt","2190","False","fccfc62abf2eb0a4db614853430894fd"
"Assets\Images\Tiny Swords\Units\Black Units\Archer\Archer_Shoot.png",".png","11952","False","51acd452e6cca4a11815bb117abc35b3"
"Assets\Images\Fantasy Wooden GUI  Free\normal_ui_set A\Exclamation_Red.png",".png","13976","True","e9d4143c19529834981ac6821a04aecd"
"Assets\Images\Images\wild_crystal.png",".png","69157","True","ee27eb8d1b4671a4997f7befbcf6cc46"
"Assets\Tests\EditMode\ArchonsRise.Tests.EditMode.asmdef",".asmdef","1085","True","007d8a7241129b0438b0d1b40d214c06"
"Assets\Images\Tiny Swords\Units\Blue Units\Warrior\Warrior_Idle.png",".png","9948","False","63555c658eb534f48acbb1ba682fbec3"
"Assets\Scripts\GameObjectScripts\GameBoardObjects\PlayerIcon.cs",".cs","768","True","592d09644ed7e4145896ec4d8d6412b2"
"Assets\Images\Simple Fantasy GUI\PNG\Icons\Armor_Icon.png",".png","1601","False","65a9410232dbc154c9cec96a5fbd07b1"
"Assets\Images\Hero Knight - Pixel Art\Animations\HeroKnight_Run.anim",".anim","2405","True","e58542e6cdcad974284618515fe0cf15"
"Assets\Images\Tiny Swords\Units\Blue Units\Lancer\Lancer_Down_Attack.png",".png","6091","False","16d606f92b3e14969a958240569d4dcc"
"Assets\Images\Hero Knight - Pixel Art\Demo\HeroKnight_Yellow.prefab",".prefab","14695","False","3e14bf7b39e2c2940a826eb72e6b8043"
"Assets\Images\Fantasy Wooden GUI  Free\normal_ui_set A\Exclamation_Gray.png",".png","13615","False","f73f68fe6815f5548a6c2a61b9e49add"
"Assets\Plugins\Demigiant\DOTween\Editor\DOTweenEditor.XML",".xml","6018","False","2e2c6224d345d9249acfa6e8ef40bb2d"
"Assets\Scripts\CardPlay\ConvertRules.cs",".cs","2675","True","cad23565103fd9546809107c4bcb51a6"
"Assets\Scripts\ScriptableObjectData\Player\Skills\CrystallizeGreen.asset",".asset","683","True","a230376f3091d9b4ea0fc865b3c29dad"
"Assets\Animations\ExploreIcon.controller",".controller","4235","True","826b2099b0630d34d9e8470c29d44bf0"
"Assets\Images\Flat 2D Weapons\Art\PNG\1. Collection\128\4. Button.png",".png","8227","False","ffefb1c70e8b43843987d27574ff5f8c"
"Assets\Images\Hero Knight - Pixel Art\Animations\SlideDust.controller",".controller","2105","False","562668619d47d0949b76b61cd4cd5af5"
"Assets\TextMesh Pro\Resources\Sprite Assets\traitOutrider.asset",".asset","2814","True","8e5fe2e4a07560942937593e28a26865"
"Assets\Scripts\GameObjectScripts\CardMenuScripts\BackgroundImage.cs",".cs","701","True","3ae8288e90623004c8f4a1b109159de0"
"Assets\Scripts\GameEvents\Events\Card Events\onRewardSelect_AddCardToDeck.asset",".asset","417","True","7d50490ae3007514390d945d5b000842"
"Assets\Scripts\ScriptableObjectData\Non-Player\Enemies\DungeonEnemies\UndeadCaster.asset",".asset","735","True","0e54d505dc34144488e8651382ef7338"
"Assets\Scripts\TilemapScripts\Shrine Rule Tile.asset",".asset","661","True","43c212483b1b95b4b8fcefeba071eb70"
"Assets\Scripts\TilemapScripts\GridGeneration.cs",".cs","21652","True","59ca36b94c8df6741a54e79024499023"
"Assets\Images\Simple Fantasy GUI\PNG\Icons\Comleted_Icon.png",".png","769","False","a3464046b5f29474b891e5a6b0602b66"
"Assets\Scripts\TilemapScripts\DesertRuleTile.asset",".asset","985","True","47777b20a642a53489e84294368e41e0"
"Assets\Images\Flat 2D Weapons\Art\PNG\1. Collection\512\3. Background.png",".png","2223","False","46b5bda5c79ef8341acdbc56ff2413b5"
"Assets\TextMesh Pro\Resources\Sprite Assets\traitSwift.asset",".asset","2805","True","9736a358cd4d8174aac8c0483973d9f8"
"Assets\Images\Tiny Swords\Units\Yellow Units\Monk\Run.png",".png","5583","False","1f9185c1cf30a4d42b97afa7e68872ec"
"Assets\Scripts\Tutorial\Rail\play-card.asset",".asset","893","True","b50fcd7c32b81054090b8891748f9cfd"
"Assets\Images\RPG_inventory_icons\ingots.png",".png","37728","False","3e4fcc84a0ac95b429c56452575f6021"
"Assets\Terrain Tile Hex Samples\Example Scene\Example Tiles\SquareTileSpriteAtlas.spriteatlas",".spriteatlas","3707","False","2415b3d122bd79a4b86ca1bef906a670"
"Assets\Terrain Tile Hex Samples\Example Scene\Example Tiles\forestPineSnowCovered00.asset",".asset","786","False","0febdaf8a02a64743b6c6b6f9d9d65c3"
"Assets\Images\Tiny Swords\Units\Yellow Units\Warrior\Warrior Yellow Animations\Warrior_Idle_Yellow.anim",".anim","3170","False","f803b3fb9b84e4ed28af6ac5c8e7ab8a"
"Assets\TextMesh Pro\Resources\Sprite Assets\traitToxic.asset",".asset","2805","True","203c6dc414ada19449ebe076f69475bd"
"Assets\Tests\EditMode\AvatarStateRulesTests.cs",".cs","2391","True","99ac8f1c74d306b489e76a00c47399d9"
"Assets\Scripts\GameObjectScripts\TownMenuScripts\CreateCrystalButtons.cs",".cs","2269","True","478f394b5c969e54c87c67db7df76855"
"Assets\Scripts\ScriptableObjectData\Player\Cards\Force Push.asset",".asset","1070","True","8af9cc7d91b76804b846b1a0a9a849d1"
"Assets\Images\Tiny Swords\Units\Purple Units\Lancer\Lancer_UpRight_Attack.png",".png","5919","False","17b161317d62b4085821272491d26836"
"Assets\Images\Tiny Swords\Buildings\Yellow Buildings\House2.png",".png","5954","False","a53cf2c9640d64d8b8d50e3b2df10739"
"Assets\Images\RPG_inventory_icons\shoulders.png",".png","50861","False","f126324fd2486a641842ea5a8244c2d1"
"Assets\Tests\EditMode\TutorialRulesTests.cs",".cs","5441","True","0925c67fede9b7a47b9b25c89fd8e41e"
"Assets\Images\Tiny Swords\Buildings\Purple Buildings\Archery.png",".png","10144","False","40fa9502a6dcb4bdf8829c8654ceecb0"
"Assets\Scripts\UnitPlay\UnitNavRules.cs",".cs","803","True","bd3b92a5c7737b34f9a06735d88fd507"
"Assets\Animations\ShieldUse.anim",".anim","5095","True","cba62b12594501e44a22992282ba4941"
"Assets\Prefabs\GameTokens\Town Token.prefab",".prefab","4949","True","6d62ccb04729bf740bbc4be01734e875"
"Assets\Scripts\TilemapScripts\Crystal Hotspot Rule Tile.asset",".asset","678","True","c15920fa565fbe848a45cdb4bbdafdf6"
"Assets\Images\Images\troll.png",".png","33177","True","3ea4b6acdcd96f548915d61e0f0f5f45"
"Assets\Scripts\HexTooltip\ArchonsRise.HexTooltipInfo.asmdef",".asmdef","452","True","21143e961e99fac409ed0516fa7deda8"
"Assets\Scripts\CardPlay\UndoGate.cs",".cs","1171","True","971124fd290234746be5d0528b23700c"
"Assets\Images\Flat 2D Weapons\Art\PNG\5. Spear\128\2. Shadow.png",".png","518","False","6ca0fbece021b10459e91abee13aa289"
"Assets\Images\Flat 2D Weapons\Art\PNG\8. Coin\256\2. Shadow.png",".png","3365","False","b2bedec5586ad1c458b50c919704d113"
"Assets\Images\Images\eagle-attack-1.png",".png","1496","True","8c2350df33a214a44b701dd60ea2b8dd"
"Assets\Scripts\GameEvents\Events\Card Events\OnEmpower_DestroyCrystal.asset",".asset","413","True","259aa8cdf370e1f488bdb4cb850895c7"
"Assets\Scripts\Tutorial\Help\recruit.asset",".asset","699","True","c7d45841017448008e97fd1207641ce0"
"Assets\Scripts\Managers\Commands\PlayCommand.cs",".cs","948","True","fc9dde8429141364783117845ce95dd0"
"Assets\Images\Tiny Swords\Units\Red Units\Lancer\Lancer_Run.png",".png","11187","False","32f41e1fac48141ec95ad92c83bff512"
"Assets\Images\Flat 2D Weapons\Art\PNG\9. Button States\Button States.png",".png","183435","False","46d50a166e7a2ad4d96157f50b267a5f"
"Assets\Images\RPG_inventory_icons\axe.png",".png","46785","False","172774604c1bee84185a69041576525b"
"Assets\Images\Tiny Swords\Buildings\Yellow Buildings\Barracks.png",".png","9970","False","1afe493e049254cfc884ffa58152ca50"
"Assets\Scripts\GameObjectScripts\PlayerScripts\HandFocusController.cs",".cs","5950","True","5e6631644fc244346978b9590bfdf3c2"
"Assets\Scripts\GameEvents\Events\onCombatPhaseChanged.asset",".asset","435","True","eaffbb22f16b27a49923267408f94c19"
"Assets\Images\Images\skeleton.png",".png","2095","True","ad0d37ca38dee494bacec65fa69bebd8"
"Assets\Images\Tiny Swords\Units\Black Units\Monk\Monk Black Animations\Monk_Heal_Black.anim",".anim","3745","False","bf47e41047fed4f8288da6dcf380699e"
"Assets\Scripts\GameObjectScripts\CardMenuScripts\RewardCanvas\RewardCanvas.cs",".cs","2803","True","884c24db1f782e940908f250d66aedea"
"Assets\Images\Tiny Swords\Units\Yellow Units\Lancer\Lancer_Right_Defence.png",".png","7393","False","15596a1040fc44688b911a0f8dc28fb4"
"Assets\Tests\EditMode\TurnButtonGateTests.cs",".cs","326","True","0a6f9efc717787b4eae4635c39342334"
"Assets\Images\Flat 2D Weapons\Art\PNG\1. Collection\256\4. Button.png",".png","17220","False","3fc29ebeb000b704a90f187c66e703a7"
"Assets\Scripts\GameEvents\UnityEvents\UnityPlayerPositionEvent.cs",".cs","205","True","534ca23f0b236044e95cfed9c8d1856c"
"Assets\Images\500FreeSkillIcons\Icons\dungeon.png",".png","378148","True","6161a2c052244474693751f440ff00eb"
"Assets\Images\Tiny Swords\Units\Black Units\Lancer\Lancer_Right_Defence.png",".png","7403","False","6b7e70ff5b3784e2da52a56f0842001c"
"Assets\Scripts\GameObjectScripts\PlayerScripts\UnitsLane.cs",".cs","3983","True","0b944c33da58a1d43825cfc7bac08cb6"
"Assets\Images\Tiny Swords\Buildings\Blue Buildings\Barracks.png",".png","9968","False","4140465d2d71b4a6a83a1be32f0a9880"
"Assets\Scripts\CardPlay\EnemyTraitRules.cs",".cs","8127","True","8755fa3de576512489efe8d884e03a64"
"Assets\Images\Tiny Swords\Units\Purple Units\Warrior\Warrior_Run.png",".png","9759","False","20181a9aff07341728fa8dec79be0b68"
"Assets\Images\500FreeSkillIcons\Icons\town.png",".png","344578","False","469194f1ceb54584c9f6bb56302dd2b3"
"Assets\Images\IconArt\UI Assets\Ability_Skill_Icons\UI_Skill_Icon_Slide.png",".png","90216","False","6960c6bd5088317429f7e0e033bee813"
"Assets\Scripts\GameObjectScripts\TutorialScripts\TutorialTarget.cs",".cs","1395","True","6111448783a8cde4c9997f79754af504"
"Assets\Images\Tiny Swords\Units\Black Units\Archer\Archer Black Animations\Archer_Shoot_Black.anim",".anim","3171","False","0dd09483733964cc9817828e7208dad7"
"Assets\TextMesh Pro\Resources\Sprite Assets\traitArmored.asset",".asset","2811","True","f21319aeec6b4cd4e8d5eb0820fc2805"
"Assets\Images\Tiny Swords\Units\Yellow Units\Archer\Archer_Idle.png",".png","5044","False","ea299bf4e13104b7baac745f77dd10c8"
"Assets\Scripts\Enums\EmpowerTypeExtensions.cs",".cs","1133","True","0fdac05a006f42e4a8a89224182f2888"
"Assets\Prefabs\Crystal Prefabs\GreenCrystal.prefab",".prefab","5183","True","e30821ef956c04b478f9a7b75a191d0b"
"Assets\Scripts\CardPlay\PlayMode.cs",".cs","69","True","82205c9a902d6a5499d43dc110799c40"
"Assets\Scripts\SaveSystem\CardData.cs",".cs","138","True","6ae7f49e0c8761b43b190f2e47fb7dbd"
"Assets\Images\500FreeSkillIcons\Icons\traitMiasma.png",".png","408538","True","da88b1ff266954f44abd6d1472bd9323"
"Assets\Scripts\SaveData\SaveSerializer.cs",".cs","300","True","55256fb847bb78d4bbb5bf2cbd0ed7fc"
"Assets\TextMesh Pro\Shaders\TMP_SDF Overlay.shader",".shader","11054","False","dd89cf5b9246416f84610a006f916af7"
"Assets\Images\Tiny Swords\Units\Blue Units\Archer\Archer Blue Animations\Archer_Idle_Blue.anim",".anim","2783","False","08d74e54dbb3645cfa423532c1c174eb"
"Assets\TextMesh Pro\Resources\LineBreaking Leading Characters.txt",".txt","95","True","d82c1b31c7e74239bff1220585707d2b"
"Assets\TextMesh Pro\Resources\Sprite Assets\traitHulking.asset",".asset","2811","True","e68405abea4033344b419c055f364567"
"Assets\Images\500FreeSkillIcons\Icons\empower.png",".png","406951","True","7b6752340ca37c04892e8fd19cbdd9e9"
"Assets\Scripts\Input\ArchonsRise.Input.asmdef",".asmdef","311","True","d3b60a239b9a72848b9ec66177b9d80f"
"Assets\Scripts\SaveData\ArchonsRise.SaveData.asmdef",".asmdef","374","True","9a72b7a72b89b6542b698e5de28d4397"
"Assets\TextMesh Pro\Resources\Sprite Assets\shield.asset",".asset","2677","True","272728db4af599d4cbe1455ebc3ee0fb"
"Assets\Images\500FreeSkillIcons\Icons\doom.png",".png","434749","True","4396b3e02d9ac2c4e82175c284808a3b"
"Assets\Images\Tiny Swords\Units\Purple Units\Lancer\Lancer_Right_Attack.png",".png","4780","False","0ecb1bcafb33a43a499b4e703581b968"
"Assets\Scripts\GameObjectScripts\TutorialScripts\TutorialManager.cs",".cs","7257","True","73d77db707a42e44abbeca81bcec9dd9"
"Assets\Scripts\GameEvents\Events\PlayerEvents\PlayerIntEvent\OnDoomChanged_UpdateMeter.asset",".asset","439","True","c36e7ecc9b245754e99c7734d01afd88"
"Assets\TileMap\hexBase00.asset",".asset","772","False","2682dd4f8894db04abbb1f1be579c3ef"
"Assets\Scripts\GameObjectScripts\PlayerScripts\ExplorationController.cs",".cs","7582","True","4377deb9855611444882c72a07b12701"
"Assets\Scripts\GameObjectScripts\LogUI\ToastRail.cs",".cs","1743","True","51027d73f477f9d4891d15ec97b90c56"
"Assets\Scripts\Log\ArchonsRise.Log.asmdef",".asmdef","348","True","687c7b2ae00b0ed4daf997552c9b91f9"
"Assets\UI Toolkit\UnityThemes\UnityDefaultRuntimeTheme.tss",".tss","37","False","ca86c2b3810f1fa4fbd229da4ecda22d"
"Assets\Scripts\GameObjectScripts\LogUI\LogPanel.cs",".cs","2231","True","54506e4a9ecf3db4c8141559f098743c"
"Assets\Scripts\ScriptableObjectData\Player\Cards\Mending Light.asset",".asset","1107","True","68828276266644389eef08104cf626ff"
"Assets\TextMesh Pro\Shaders\TMP_SDF-Mobile.shader",".shader","8074","True","fe393ace9b354375a9cb14cdbbc28be4"
"Assets\Scripts\Editor\LateGameSaveTool.cs",".cs","7162","True","0c93f24f1b6406744a52ca6d1d0c9900"
"Assets\Images\Simple Fantasy GUI\PNG\Character Panel\Violet_Ribbon.png",".png","2503","False","02e21a7595645644e80f34c809e010e9"
"Assets\DefaultVolumeProfile.asset",".asset","20482","True","2dbe8dfc68ded894e969cd661f6e511a"
"Assets\Scripts\ScriptableObjectData\Player\Character\Warrior.asset",".asset","1897","True","f6321bc6f1f8d6145910d368b3bacb78"
"Assets\TextMesh Pro\Resources\Sprite Assets\dungeon.asset",".asset","2811","True","837fac9ce2c07c74dae884b2b379385a"
"Assets\Scripts\Managers\ConquestTracker.cs",".cs","1539","True","0ca82df5446b3ce4c92ced515fcd9d65"
"Assets\Tests\EditMode\ShrineLedgerTests.cs",".cs","4134","True","41fb9faa893a93a4c8abd8e5d9b63bff"
"Assets\Images\Flat 2D Weapons\Art\PNG\1. Collection\512\11. Knife Shadow.png",".png","4344","False","0a2f899ae7588414e887536df56a8344"
"Assets\Images\Flat 2D Weapons\Art\PNG\1. Collection\128\10. Spear Shadow.png",".png","514","False","3c50e3ec7a27f074881077a234388cea"
"Assets\Scripts\UnitPlay\UnitPlaySelection.cs",".cs","1418","True","88daf3aef3992cc4eb0a611ddd1b40c6"
"Assets\Terrain Tile Hex Samples\Example Scene\Example Hexes\hexBase00.asset",".asset","772","False","055fc954acdec0c449737151144e1b7c"
"Assets\Scripts\GameObjectScripts\TownMenuScripts\DisbandPanel.cs",".cs","2272","True","77048a192dc28f94da7ba9fba05141b1"
"Assets\Scripts\ScriptableObjectData\Non-Player\Dungeons\Bandit Warrens.asset",".asset","850","True","b50fbc6033e5a214990cda54f6d67a2c"
"Assets\Images\Tiny Swords\Units\Red Units\Lancer\Lancer_Right_Defence.png",".png","7348","False","c2f16b5b8909b4331b1fb3af084a9e2d"
"Assets\Images\Images\flee_circle.png",".png","289561","True","c017f8cae2a9586408d7412161b05fb0"
"Assets\TextMesh Pro\Shaders\TMP_Bitmap-Mobile.shader",".shader","4071","False","1e3b057af24249748ff873be7fafee47"
"Assets\Scripts\CardPlay\StatPalette.cs",".cs","1120","True","d35c3323a2e055a4e99e1a81e83c6bbc"
"Assets\Images\Flat 2D Weapons\Art\PNG\2. Card\512\2. Background of Card.png",".png","3502","False","1f92585331b56454fa17f72ec3db1eb3"
"Assets\Images\Tiny Swords\Units\Purple Units\Archer\Archer Purple Animations\Archer_Run_Purple.anim",".anim","2394","False","823e68077617b49b68d668880492eda3"
"Assets\Prefabs\RewardCard.prefab",".prefab","22258","True","66ac197967915104bb61e873c19776a3"
"Assets\Images\Tiny Swords\Units\Red Units\Lancer\Lancer_Right_Attack.png",".png","4759","False","976f26335a5f44facb1b8abf1fc7f25e"
"Assets\Scripts\GameEvents\EventTypes\BaseCode\GameEventListener.cs",".cs","875","True","9852fe17a7a482c4d82aeb3efba4d9e5"
"Assets\Scripts\GameObjectScripts\PlayerScripts\MapModeController.cs",".cs","6694","True","9109543e7fd5a614aabf6f5983db11f3"
"Assets\Images\Card_Shirts_Lite\PNG\Card_shirt_04.png",".png","1510190","True","5915cdc174101e540b3349e21ee2cd74"
"Assets\UniversalRenderPipelineGlobalSettings.asset",".asset","26759","True","2808b10d05757e6449b6de2f07242dd4"
"Assets\Scripts\SaveData\Tests\SaveMigratorV8Tests.cs",".cs","877","True","d102b61d64443ff47aee96b3d44772bc"
"Assets\Scripts\ScriptableObjectData\Non-Player\Map\YellowHotSpot.asset",".asset","623","True","c418031baa8eb434db955b474feb9f7a"
"Assets\Scripts\Shrines\ArchonsRise.Shrines.asmdef",".asmdef","396","True","c0ea5704223f2df4398eddfdb8b8acf6"
"Assets\Scripts\GameObjectScripts\TutorialScripts\HelpPopup.cs",".cs","1112","True","fce69b95ad1445f4ca2c1a77cae53a1a"
"Assets\Images\RPG_inventory_icons\bag.png",".png","61190","True","fe025e83f69d0b54f8a4fe3c7c128fd7"
"Assets\Images\Images\elemental.png",".png","51365","True","54285a47ac4762b4faa98cd5974056aa"
"Assets\Scripts\CardPlay\StatEchoPlan.cs",".cs","1019","True","dab5ad0ddd6500141ac6deffdfded2cc"
"Assets\Images\Tiny Swords\Units\Black Units\Warrior\Warrior Black Animations\Warrior_Run_Black.anim",".anim","2784","False","35e36ed033f8d477c9b5b1a275e7e96e"
"Assets\Scripts\GameEvents\Events\CommandEvents\OnDeckClick_DrawCardfromDeck.asset",".asset","417","True","7f12ab54e716061438c87eff25ebd001"
"Assets\Tests\EditMode\CardPlaySelectionTests.cs",".cs","8669","True","fddcfb15953d3d54d8f3c724b7e84b8f"
"Assets\Scripts\GameObjectScripts\TownMenuScripts\RecruitButton.cs",".cs","1383","True","b69c089e73385c2488ba3f330fab519c"
"Assets\Scripts\GameObjectScripts\PlayerScripts\StatsDisplay.cs",".cs","3749","True","250c2fb2035dc64449979916da0b2387"
"Assets\Images\Tiny Swords\Units\Red Units\Lancer\Lancer Red Animations\Lancer_ UpRight_Attack_Red.anim",".anim","2210","False","9a110e5748a1d492cb669fdd2dcec2d6"
"Assets\Tests\EditMode\PlayerLogCoreTests.cs",".cs","1905","True","65bd079b45ded454981b55443773deae"
"Assets\TextMesh Pro\Resources\Sprite Assets\empower.asset",".asset","2916","True","19b523d1df986b84a941003de5f34c2d"
"Assets\Images\Tiny Swords\Units\Yellow Units\Lancer\Lancer_UpRight_Defence.png",".png","7956","False","b518602ba3d824b0c943d0d088db2b68"
"Assets\Animations\BackgroundImage.controller",".controller","2080","False","d3702bd06be60d744ab5defc0e291da0"
"Assets\Scripts\GameEvents\EventTypes\EventTypes\CommandEvent.cs",".cs","237","True","cf8779c81a7d24547b656055b630e3e4"
"Assets\Images\Tiny Swords\Units\Purple Units\Lancer\Lancer_Up_Attack.png",".png","5194","False","73832f55737bb45108f7a28c61c2d6a1"
"Assets\Images\Flat 2D Weapons\Art\PNG\2. Card\256\3. Combined.png",".png","9148","False","f49a13e2c02f5c644a0f10b2f4d32447"
"Assets\Tests\EditMode\ArmyRulesTests.cs",".cs","541","True","0d25e9d07d3a89843ba6fc98f3adbfb5"
"Assets\Scripts\GameEvents\Events\OnCardDraw_SetCardData.asset",".asset","411","True","b671951d40281224a8a9dd6491d352c5"
"Assets\Images\Tiny Swords\Units\Red Units\Lancer\Lancer Red Animations\Lancer_ DownRight_Defence_Red.anim",".anim","2798","False","0fbc23c1c9e874d16b966dbe8ee63fb9"
"Assets\Images\Tiny Swords\Buildings\Red Buildings\House1.png",".png","5307","False","b9cee2ca2c2c945b0bbc584de3c8829a"
"Assets\Scripts\Managers\Commands\MoveCommand.cs",".cs","941","True","f7c4a84fa055d2a4eb3e2a0612303a15"
"Assets\Images\Flat 2D Weapons\Art\PNG\1. Collection\128\3. Background.png",".png","415","True","208caffb4116b3848ba1893e4532d287"
"Assets\Images\Tiny Swords\Units\Blue Units\Archer\Archer_Idle.png",".png","5024","False","72c22f22ea5e4488390ba536cd5ab98d"
"Assets\Scripts\ScriptableObjectData\Player\Cards\Flanking Strike.asset",".asset","1085","True","55f2ece5b9824e40a75c203b48901a90"
"Assets\Terrain Tile Hex Samples\Tile Samples\forestPineSnowCovered00.png",".png","186792","False","3efcbae0e04ff3f489b733d0a82966d1"
"Assets\Images\IconArt\UI Assets\Ability_Skill_Icons\UI_Skill_Icon_Chop.png",".png","80382","False","08c71e4e0565fe4469d1e0a593047156"
"Assets\TextMesh Pro\Resources\Sprite Assets\card.asset",".asset","2811","True","000106fee653b7e44b31b1fc80328451"
"Assets\Images\Tiny Swords\Units\Blue Units\Archer\Archer_Shoot.png",".png","11874","False","aac0c2b0aef584db0a90373d4b7e99ae"
"Assets\Tests\EditMode\IconRegistryValidationTests.cs",".cs","4017","True","06c17afb78cf67144a4cd95d26041881"
"Assets\Tests\EditMode\RunEndRulesTests.cs",".cs","800","True","1ccf2573f22fff94ea2c18536b20287d"
"Assets\Scripts\GameEvents\Events\TownEvents\onTownMenuClose_MinimizeTownCard.asset",".asset","421","False","930ff860c240f914fb5ce5401dd68a63"
"Assets\Scripts\GameEvents\EventTypes\EventTypes\IntEvent.cs",".cs","217","True","4028a9c79cd049e4abbf7c06118eed2c"
"Assets\Images\Images\MageKiller.png",".png","1757","True","e555c734d002300429f0f5746b9d249d"
"Assets\Scripts\Tutorial\Tips\dungeon.asset",".asset","706","True","d1c8757be0c58b041936d98014d67895"
"Assets\Terrain Tile Hex Samples\Example Scene\Example Tiles\below_dirt00.asset",".asset","775","False","7a3056353b4a8234485178d8de59e96b"
"Assets\TextMesh Pro\Shaders\TMP_Bitmap-Custom-Atlas.shader",".shader","3836","False","48bb5f55d8670e349b6e614913f9d910"
"Assets\Prefabs\EnemyPreviewEntry .prefab",".prefab","27607","False","4c242d91a90ad0740ae88cd8bcec3d93"
"Assets\Prefabs\EmpowerToggle.prefab",".prefab","9461","True","177f1934f9a339045875f083b784561b"
"Assets\Terrain Tile Hex Samples\Hex Samples\hexJungle00.png",".png","137982","False","eca001d9be59f2444b8d4d92c24cea37"
"Assets\Scripts\ScriptableObjectData\Non-Player\Enemies\EarthenDefender.asset",".asset","739","True","edd833e915b86ba41815cfdcdbc763b1"
"Assets\Scripts\ScriptableObjectData\Player\Cards\Court Intrigue.asset",".asset","1079","True","1424ca425c474a8e8bad357dfd629943"
"Assets\Images\Tiny Swords\Units\Blue Units\Lancer\Lancer Blue Animations\Lancer_ Right_Defence_Blue.anim",".anim","2799","False","c831a494929f24b31a2196648f73d737"
"Assets\Tests\EditMode\TileDescriptorTests.cs",".cs","996","True","a94368b21715df545803dc94efb06bf1"
"Assets\Images\Tiny Swords\Units\Red Units\Monk\Monk Red Animations\Monk_Run_Red.anim",".anim","2391","False","6c82a8dd9d3024bedba773a000d0cc36"
"Assets\Scripts\ScriptableObjectData\Player\Cards\Warlords Decree.asset",".asset","1074","True","8dcef2da0e6b45bcadc2364527ae7000"
"Assets\Images\Tiny Swords\Units\Blue Units\Monk\Heal.png",".png","11616","False","a182e0e943b8d43d28dd037a779558e8"
"Assets\Scripts\GameObjectScripts\PlayerScripts\Player.cs",".cs","30424","True","0e1ce893300d37847829eb5c788cd826"
"Assets\Animations\SwordSwing.anim",".anim","5776","True","97a60398f5cca054ea4e5d1797e6de4c"
"Assets\Scripts\GameEvents\Events\Card Events\OnCardClick_CloseCardMenu.asset",".asset","414","True","0d458dfbda854e041bb1b1f013fdd675"
"Assets\Images\Tiny Swords\Units\Red Units\Lancer\Lancer Red Animations\Lancer_ Up_Attack_Red.anim",".anim","2209","False","0e82701c2154145e6bff6b78d060a271"
"Assets\Scripts\Enums\Enums\Directions.cs",".cs","115","True","6e70a896c9ab68347af9b9cffa9feb2b"
"Assets\Terrain Tile Hex Samples\Example Scene\Example Tiles\desertYellowCactiForest00.asset",".asset","788","False","86d8f0e043b0524489a3663d301bf87a"
"Assets\Images\Tiny Swords\Buildings\Black Buildings\keep.png",".png","9915","True","d79e14c83d4ef584e83bdd57479d350d"
"Assets\Images\Flat 2D Weapons\Art\PNG\8. Coin\128\1. Coin.png",".png","5293","True","2c804574a94f9f749942c36f65dd2bc5"
"Assets\Images\Tiny Swords\Units\Red Units\Lancer\Lancer_UpRight_Attack.png",".png","5916","False","fa70c7f04eedb484a9a301f934a0ce9d"
"Assets\Images\RPG_inventory_icons\b_t_01.png",".png","44101","True","5d7061fc7da05ce44add317708ec7215"
"Assets\Plugins\Demigiant\DOTween\Editor\DOTweenEditor.dll.mdb",".mdb","11774","False","8f46310a8b0a8f04a92993c37c713243"
"Assets\Terrain Tile Hex Samples\Hex Samples\hexMountain00.png",".png","131075","True","0d719ec1e98c95640a5cfbafef63dba2"
"Assets\Images\Flat 2D Weapons\Art\PNG\4. Sword\256\2. Shadow.png",".png","2112","False","46db22fe74ac6a542b96ed661535c6a1"
"Assets\Scripts\GameEvents\Events\Card Events\OnImprovInfluence_SetPlayerStats.asset",".asset","421","True","c764e774175ecce438927b96d6100dcf"
"Assets\Images\Simple Fantasy GUI\PNG\Icons\Boots_Icon.png",".png","1301","False","b634c8a51d4a2d440b44719a9c1329ba"
"Assets\Prefabs\LocationsDeck.prefab",".prefab","16765","True","3c514b6025b8af94db2fc3093a8fbb18"
"Assets\Images\Images\text-box-frame-transparent-background.png",".png","95042","False","a5436b3c666c8d543845c6958ad3c355"
"Assets\Images\Flat 2D Weapons\Art\PNG\6. Knife\256\1. Knife.png",".png","8486","False","151ee9e9620f919479387d7e2e5c6e60"
"Assets\Scripts\CardPlay\TurnButtonGate.cs",".cs","323","True","24bf7f14ceb626e44a3d412e2753db05"
"Assets\Images\Flat 2D Weapons\Art\PNG\8. Coin\512\2. Shadow.png",".png","7133","True","bead227b31398fc45a20040324e40c9c"
"Assets\Images\Flat 2D Weapons\Art\PNG\2. Card\256\1. Card.png",".png","8890","False","0a8bd3efe8e72524996d77570e5aa97d"
"Assets\Plugins\Demigiant\DOTween\Modules\DOTweenModulePhysics2D.cs",".cs","12213","True","230fe34542e175245ba74b4659dae700"
"Assets\Images\Tiny Swords\Units\Red Units\Lancer\Lancer Red Animations\Lancer_ Right_Defence_Red.anim",".anim","2798","False","5a4ab2a3c20ca43a3bc2d15ed1f99e3a"
"Assets\Tests\EditMode\UndoGateTests.cs",".cs","1259","True","6d42b4a273cd9ad4cb5648dd78ca24d2"
"Assets\Scripts\GameObjectScripts\GameBoardObjects\EnemyCard.cs",".cs","8992","True","f5a1f62c56f6f4341922e8fdc51f7703"
"Assets\Scripts\GameObjectScripts\CardListScripts\CardListHover.cs",".cs","4352","True","4da5cb47864295947ac845a826915e37"
"Assets\Tests\EditMode\ShrineRulesTests.cs",".cs","1028","True","42918d63f1cf1664d8cc51b2151dc65b"
"Assets\Images\Tiny Swords\Units\Red Units\Lancer\Lancer Red Animations\Lancer_ Down_Attack_Red.anim",".anim","2207","False","733281ff56ced40d59cc6cdad06c1b2d"
"Assets\Images\Flat 2D Weapons\Art\PNG\1. Collection\512\10. Spear Shadow.png",".png","2213","False","d75d193440bf9ed45a6072774a6e54a7"
"Assets\Images\Tiny Swords\Units\Black Units\Warrior\Warrior Black Animations\Warrior Black.controller",".controller","5267","False","b96f062c1d073496fb335d14ea81c2ec"
"Assets\Scripts\GameEvents\Events\CommandEvents\OnPlay_SendExploreCommandInformationToUndoButton.asset",".asset","437","False","cd14c8b6f352e6f4cb6c248ccb10f6bf"
"Assets\Prefabs\DisbandEntry.prefab",".prefab","8202","True","d0207384a8ad1f24bbec71ec163609ce"
"Assets\Images\Tiny Swords\Units\Black Units\Warrior\Warrior_Idle.png",".png","9593","False","728135fe2ac4b434ab56e445d647d2a0"
"Assets\Images\Hero Knight - Pixel Art\Animations\HeroKnight_Hurt.anim",".anim","2061","True","58a4d227816c28f4a8c59266bf74969b"
"Assets\Images\Simple Fantasy GUI\PNG\Character Bar\CharacterDemo.png",".png","51015","False","dbf0b0525645e10428174d35b68acc83"
"Assets\Scripts\GameEvents\UnityEvents\UnityPlayerDeckEvent.cs",".cs","197","True","8263a8e3a6391c242887b17f888bbb66"
"Assets\Scripts\Editor\ContentRegistryPopulator.cs",".cs","3453","True","38cf8b940b0704c42b8e35d8f65587ef"
"Assets\Images\Tiny Swords\Units\Black Units\Monk\Monk Black Animations\Monk_Idle_Black.anim",".anim","2782","False","9e8248eff7f6544eebcc342d9b09294b"
"Assets\Scripts\GameEvents\Events\Card Events\OnPlay_SetExploreDataToPlayer.asset",".asset","418","True","1aa20db63865b634a88478297ffe108f"
"Assets\Scripts\Tutorial\Rail\enemy.asset",".asset","626","True","67d196d75fe3f3b468bf1165d7621c78"
"Assets\Images\Simple Fantasy GUI\PNG\Menu Panel\MenuDemo.png",".png","44037","False","c2aa7972cb52add4ab1b066df73161c6"
"Assets\Images\Tiny Swords\Units\Black Units\Lancer\Lancer Black Animations\Lancer_ DownRight_Defence_Black.anim",".anim","2800","False","181349ec7e32a44cbb71b95cc439f39c"
"Assets\Scripts\ScriptableObjectData\Non-Player\Enemies\OgreBruteEnemy.asset",".asset","795","True","9a49473bd8ef61f44a3854c22571506b"
"Assets\TextMesh Pro\Shaders\TMP_SDF-Mobile-2-Pass.shader",".shader","11795","False","0178fcb869bafef4690d177d31d17db8"
"Assets\Images\Hero Knight - Pixel Art\Animations\HeroKnight_Jump.anim",".anim","1699","False","0cfe2276959603e40904eecacdfa08fc"
"Assets\Terrain Tile Hex Samples\Tile Samples\desertYellowCactiForest00.png",".png","126726","False","87c7040ad207a684bac935f806313e07"
"Assets\TextMesh Pro\Resources\Sprite Assets\wound.asset",".asset","2805","True","ea9898fd4b9ff1c4d9212560cafc8696"
"Assets\Scripts\GameObjectScripts\UnitMenuScripts\UnitInspector.cs",".cs","3743","True","0dd0acc3d5a620641862c22777624d41"
"Assets\Terrain Tile Hex Samples\Example Scene\Example Hexes\hexOceanCalm00.asset",".asset","777","False","946a2f09edec3034fbc62de22882abc1"
"Assets\Scripts\MapMode\MapCameraRules.cs",".cs","1609","True","d06911e4f2772264da118376163b2281"
"Assets\Images\Simple Fantasy GUI\PNG\Character Panel\Red_Ribbon.png",".png","2581","False","f42791169da3c0149ad7d455c24026ef"
"Assets\Scripts\Hotspots\HotspotLedger.cs",".cs","2715","True","fa0fca5ba10f829468ae63cd66bf2461"
"Assets\Images\Flat 2D Weapons\Art\PNG\1. Collection\128\6. Spear.png",".png","1798","False","74872d862d604e34b9c2f895214c747f"
"Assets\Tests\EditMode\TutorialCopyValidationTests.cs",".cs","5711","True","08151e311f5a9554fb8aeb7a5a3778e0"
"Assets\Images\Tiny Swords\Units\Black Units\Lancer\Lancer_Up_Defence.png",".png","7040","False","274fbda91a476462280474dcc01dd482"
"Assets\Images\Tiny Swords\Units\Yellow Units\Warrior\Warrior Yellow Animations\Warrior_Yellow.controller",".controller","5276","False","393ec7aeaf3f44807ade83fd3843fa04"
"Assets\Scripts\GameEvents\Events\Card Events\OnPlay_SetInfluenceDataToPlayer.asset",".asset","420","True","e79b56b243ad09440b336a103d20325e"
"Assets\Prefabs\Menu\SaveButton.prefab",".prefab","8318","True","8ef099eed708a9d429f2f41c463a19e3"
"Assets\Terrain Tile Hex Samples\Example Scene\Example Tiles\forestBroadleaf00.asset",".asset","780","False","34f41d154528ef84881274ecd040cade"
"Assets\Scripts\GameEvents\Listener\TownListener.cs",".cs","175","True","7adb13c454cda5340ad9a75acdad95b9"
"Assets\Scripts\GameObjectScripts\DeckScripts\Location.cs",".cs","1346","True","95164db14e6e9ab4289f6b1b9de5693f"
"Assets\Scripts\ScriptableObjectData\Non-Player\Map\PurpleHotSpot.asset",".asset","623","True","ff509ace83cbfd647a0008f12f7550d3"
"Assets\Images\Flat 2D Weapons\Art\PNG\1. Collection\256\7. Knife.png",".png","8495","False","503f1ec55c132ba4d94ef7bc01d9e4e5"
"Assets\Scripts\Tutorial\Help\skill-bar.asset",".asset","573","True","faebf50452b44b5eaf7bad4858ff75dc"
"Assets\Images\Tiny Swords\Units\Yellow Units\Warrior\Warrior Yellow Animations\Warrior_Guard_Yellow.anim",".anim","2791","False","5770e696df5eb4ec785de795881acb3a"
"Assets\Images\500FreeSkillIcons\Icons\traitSwift.png",".png","258320","True","4fe46e27fc7b9364d964fdcf16bb9642"
"Assets\Images\Tiny Swords\Units\Purple Units\Archer\Archer Purple Animations\Archer_Purple.controller",".controller","3652","False","9000152e1a8584e06b9325b9ec599654"
"Assets\Images\Hero Knight - Pixel Art\Demo\HeroKnight.prefab",".prefab","13992","False","a4b4a6d32bcb19248a754d6602ffc7e4"
"Assets\Scripts\GameObjectScripts\GameBoardObjects\EnemyCardMorph.cs",".cs","2535","True","cd74ce59076cbcc4ea25fffbcaa97377"
"Assets\Images\Tiny Swords\Units\Blue Units\Warrior\Warrior_Guard.png",".png","7486","True","b67ea81b372ff482480f6b94db552857"
"Assets\Images\Tiny Swords\Units\Red Units\Warrior\Warrior Red Animations\Warrior_Attack1_Red.anim",".anim","2398","False","943e7c3f6041545a6ace7152923cc1e9"
"Assets\Images\Tiny Swords\Units\Black Units\Monk\Idle.png",".png","6482","False","2018574d4308f4786a63ea08083f13cc"
"Assets\Images\Tiny Swords\Units\Purple Units\Archer\Archer_Idle.png",".png","5045","True","abc79d95ca2994e20b019ba42fccbcb9"
"Assets\Scripts\Tutorial\Rail\Welcome.asset",".asset","767","True","129be9436f30d0e44ae1a4882cfa9e35"
"Assets\Scripts\ScriptableObjectData\Non-Player\Enemies\DungeonEnemies\CorruptedTroll.asset",".asset","778","True","0965c728631f4cf4f96a727e56419d2b"
"Assets\TextMesh Pro\Resources\Sprite Assets\traitIronclad.asset",".asset","2816","True","ea9a5dc4fec636149abe8ed9eb5c7073"
"Assets\Images\Tiny Swords\Units\Yellow Units\Lancer\Lancer Yellow Animations\Lancer_ Run_Yellow.anim",".anim","2787","False","02504001db38e450a9490c4e0ca477f7"
"Assets\Scripts\GameObjectScripts\TutorialScripts\HelpIcon.cs",".cs","1798","True","110a72d4084f4cf47ab5664aeb0ed5ff"
"Assets\Images\Tiny Swords\Buildings\Red Buildings\House2.png",".png","5956","False","234d9257f4c1741cab35823879833351"
"Assets\Scripts\CardPlay\EnemyTraitCopy.cs",".cs","3415","True","ebc4672756c246e0a65bb98992eebe3c"
"Assets\Scripts\Hotspots\ArchonsRise.Hotspots.asmdef",".asmdef","376","True","47c30189cb9be3841bbe5886364cd192"
"Assets\Images\Images\7.png",".png","6032530","True","b498b10e04b2d4d42b0c26e9eb535f19"
"Assets\Scripts\UnitPlay\RefreshRules.cs",".cs","659","True","7f34f1c7e9aa206479a4ae04c29bdcdf"
"Assets\Scripts\GameObjectScripts\GameBoardObjects\CombatBackdrop.cs",".cs","1709","True","44174ad06f500834a8aaf6fcdc6abb13"
"Assets\Images\Tiny Swords\Units\Purple Units\Lancer\Lancer Purple Animations\Lancer_ DownRight_Defence_Purple.anim",".anim","2801","False","adf9a911c3a6e48e7abb92eb685acaa2"
"Assets\Animations\DefendIcon.controller",".controller","4185","True","55362254c05dfe24b890e241aeed9556"
"Assets\TextMesh Pro\Resources\Sprite Assets\castle.asset",".asset","2792","True","75046947cdcf06344af17a27687efb95"
"Assets\Scripts\GameEvents\EventTypes\EventTypes\EmpowerColorEvent.cs",".cs","252","True","ba068946efb3cf1409464a8bdeaa72c1"
"Assets\Images\Images\red_crystal_hex.png",".png","53707","True","ad7952746760a1a4b8a4aa12f3dc9a78"
"Assets\Images\Tiny Swords\Units\Yellow Units\Warrior\Warrior Yellow Animations\Warrior_Attack2_Yellow.anim",".anim","2399","False","1e720667424274fc784022afcc44f3cd"
"Assets\TextMesh Pro\Sprites\EmojiOne.json",".json","4122","False","8f05276190cf498a8153f6cbe761d4e6"
"Assets\Prefabs\PlayButton.prefab",".prefab","10444","False","6e810d602c14c7a4b819aa994de5c4fc"
"Assets\Images\RPG_inventory_icons\gem.png",".png","26249","True","e7d29a79bc7fae248887c8a08a160303"
"Assets\Scripts\GameEvents\EventTypes\EventTypes\ScriptableObjectEvent.cs",".cs","269","True","b807b6bd68fcff3499bb4efc654ae70e"
"Assets\Scripts\GameEvents\Events\TownEvents\OnCrystalButtonClick_CreateCrystalButtons.asset",".asset","430","True","92a58ceb7f570f64284902f690bd361f"
"Assets\Images\Tiny Swords\Units\Black Units\Warrior\Warrior_Attack1.png",".png","8176","False","c1796ce8a90214f58b9162c2f91d3ea0"
"Assets\Images\IconArt\UI Assets\Ability_Skill_Icons\UI_Skill_Icon_Slash.png",".png","82227","False","2a5c892bdd014164da633b8c6fd0f246"
"Assets\Images\Simple Fantasy GUI\PSD\Login_Bar.psd",".psd","557160","False","b75bc05bb9ed9b04891e759dc5d219e1"
"Assets\Terrain Tile Hex Samples\Hex Samples\hexForestBroadleaf00.png",".png","113568","True","fc6b03fca231c9b4b90ddf14e448a387"
"Assets\Images\9Sliced.png",".png","4235","True","00215e1d5dd0fd846b32d254bba2277c"
"Assets\Scripts\UnitPlay\UnitOptionText.cs",".cs","1484","True","4d7c82279c0f4e441ac75fd1f91ae172"
"Assets\Scripts\GameObjectScripts\Effects\EmpowerColorShift.cs",".cs","2603","True","4e0ba99a33541da40a180a30e87505d9"
"Assets\Scripts\GameObjectScripts\GameBoardObjects\CrystalInventory.cs",".cs","12558","True","66717b8b528b5904b99952acd076ecc8"
"Assets\Scripts\ScriptableObjectData\Non-Player\Enemies\DungeonEnemies\HulkingTaurus.asset",".asset","716","True","1af650e4b53ba4d4dbc1c2f086a309a3"
"Assets\Images\Tiny Swords\Units\Red Units\Warrior\Warrior Red Animations\Warrior_Run_Red.anim",".anim","2782","False","9c3e33f36c49b421aa08b4151dd698b1"
"Assets\Images\Flat 2D Weapons\Art\PNG\1. Collection\512\1. Card.png",".png","19569","True","03c4f93e2c56c39419b02f80fc327b05"
"Assets\Images\Tiny Swords\Units\Blue Units\Warrior\Warrior_Attack2.png",".png","8984","False","1a4bb483943d54c1d99bfdddf89fcb3a"
"Assets\Scripts\Tutorial\Help\unit-popout.asset",".asset","691","True","4a607363c7954412bad38d258506a839"
"Assets\Images\Flat 2D Weapons\Art\PNG\5. Spear\128\1. Spear.png",".png","1798","False","389278c10d72df24f997c874b303cad8"
"Assets\Images\Tiny Swords\Units\Blue Units\Warrior\Warrior Blue Animations\Warrior_Guard_Blue.anim",".anim","2789","False","fea3a81c3a5564bb1940b7f23791e6b0"
"Assets\Images\Tiny Swords\Units\Yellow Units\Lancer\Lancer Yellow Animations\Lancer_ Right_Defence_Yellow.anim",".anim","2801","False","d4bb12f8fd0024b8f82dbdcacd36f799"
"Assets\Scripts\ScriptableObjectData\Player\Cards\Uncover Conspiracy.asset",".asset","1028","True","0f162ca090caa35488a1e97a7071491b"
"Assets\Scripts\CombatLayout\ArchonsRise.CombatLayout.asmdef",".asmdef","204","True","e23c0f5301a53f649ab0d23816fafa9c"
"Assets\Images\Tiny Swords\Buildings\Black Buildings\Archery.png",".png","10170","False","5bdc3e2b64c8049f4a66e1061f28dd70"
"Assets\Scripts\GameEvents\EventTypes\EventTypes\EnemyCardEvent.cs",".cs","243","True","7d6cd99504417c94a891a5acf0cd9882"
"Assets\Scripts\GameObjectScripts\CardMenuScripts\Sections\EmpowerPanel.cs",".cs","2181","True","f2957280b8f54294a9f7f6951f534392"
"Assets\Images\Tiny Swords\Units\Purple Units\Monk\Idle.png",".png","6519","False","fe0068d0659704ab6a796ee3d8b72476"
"Assets\Scripts\GameEvents\Events\Tutorial Events\onEnemyResolved_NotifyTutorial.asset",".asset","445","True","044aab1b40187ac439a34a3a907512b3"
"Assets\Prefabs\StatEcho.prefab",".prefab","4430","True","830dfe27630d14843b6b5d1f94ebbea9"
"Assets\Animations\CardFlip.anim",".anim","222429","False","7d4592b025ef4cd4d8855c5f092f2065"
"Assets\Images\Tiny Swords\Units\Black Units\Lancer\Lancer_UpRight_Defence.png",".png","7926","False","5fcf3d4b283c14930930785e4cf3a692"
"Assets\Images\Images\shrine_hex.png",".png","93405","True","8b9e375e300d78247b34d8002eee5e89"
"Assets\Scripts\SaveData\Tests\ContentRegistryTests.cs",".cs","1497","True","8720fc5f8a0d56f49bde38d24b76377b"
"Assets\Scripts\ScriptableObjectData\Player\StartingCards\Explore.asset",".asset","1001","True","80f3d57a6bcbc9a4db84b11291ba3701"
"Assets\Images\Hero Knight - Pixel Art\Animations\HeroKnight_Attack2.anim",".anim","2014","False","3688e492878501d4882fffca4cb3bbff"
"Assets\Images\Images\crystal.png",".png","966750","True","a4f6f6238e9dc4541bb5b4690e0ee538"
"Assets\Images\IconArt\UI Assets\Ability_Skill_Icons\UI_Skill_Icon_Reflect.png",".png","101068","True","f6b8b85cbdc82ce439a41ae3d56d57ee"
"Assets\Images\RPG_inventory_icons\Meat.png",".png","71745","False","4a39cb4b272639541b7bd5ac0649acf7"
"Assets\Tests\EditMode\CardZonePlanTests.cs",".cs","1523","True","34efbdae0757fc54384830b34393c472"
"Assets\Scripts\Tutorial\Help\run-end.asset",".asset","655","True","a4d5890424f34b5fb284438ab6a1781a"
"Assets\Images\Tiny Swords\Units\Yellow Units\Archer\Archer Yellow Animations\Archer_Idle_Yellow.anim",".anim","2785","False","a559c526a924a434893eb4fb7e0cc1fe"
"Assets\Terrain Tile Hex Samples\Example Scene\Example Hexes\hexVolcanoActive00.asset",".asset","781","False","985964a563fc7734cb95e8dddc03dde1"
"Assets\Scripts\GameEvents\Listener\CommandListener.cs",".cs","186","True","ce8b644e59c1a6840b70dbc4b0ac9976"
"Assets\Tests\EditMode\GlowPulseTests.cs",".cs","826","True","d7a28c668e23d1b4ab984b4e9ab826b3"
"Assets\TileMap\hexPlains00.asset",".asset","774","False","df06d94adb8705b4590e00c5d56a08ff"
"Assets\Images\Tiny Swords\Units\Purple Units\Monk\Monk Purple Animations\Monk_Purple.controller",".controller","3646","False","9d562d4c9c07b48d2aedad38e30acaa7"
"Assets\TextMesh Pro\Resources\Sprite Assets\gem.asset",".asset","2669","True","982da6dd81612e842ada48f3d84e84d7"
"Assets\Terrain Tile Hex Samples\Example Scene\Example Tiles\volcanoActive00.asset",".asset","778","False","8f090c07885fc32469f873e967ee0367"
"Assets\Images\Tiny Swords\Units\Red Units\Archer\Archer Animations Red\Archer_Shoot_Red.anim",".anim","3169","False","92ca6748c0e864135a3d40c8ce290b53"
"Assets\Scripts\GameEvents\UnityEvents\UnityCommandEvent.cs",".cs","195","True","a4f16351448416a4c9209e4d5be0e858"
"Assets\Tests\EditMode\EnemyTraitShareTests.cs",".cs","2496","True","58c09e79696c13e4eb1851606c8bab36"
"Assets\Images\Flat 2D Weapons\Art\PNG\1. Collection\256\Atlas.png",".png","18677","False","cc4afdc205e3db34183265486d051f95"
"Assets\Images\RPG_inventory_icons\belts.png",".png","71225","False","da09804303305f542a686824630e7269"
"Assets\Scripts\ScriptableObjectData\Player\Skills\Envoy.asset",".asset","636","True","756d86e73b4780e41b6dd38816dfd7df"
"Assets\Terrain Tile Hex Samples\Example Scene\Example Tiles\mountain00.asset",".asset","773","False","00d601cd3e5d6df4ca65373be16c934d"
"Assets\Scripts\GameEvents\Events\Enemy Events\onClick_ValidatePlayerAttackToEnemyHP.asset",".asset","426","True","948a5ad4721e5a244bded1fbebd80823"
"Assets\Scripts\Enums\Enums\SkillCadence.cs",".cs","380","True","445b2b98e361e504aba1ed5498084214"
"Assets\Images\Tiny Swords\Buildings\Black Buildings\House1.png",".png","5282","False","8e0b9a78c772b411fbc9b82e02303336"
"Assets\Prefabs\Menu\PlaceFanSlot.prefab",".prefab","10172","True","55097afc2b08a914baabc2c519adfb77"
"Assets\Scripts\Leveling\LevelRewardEntry.cs",".cs","812","True","4b08be2295727bc43937b970fefa2f58"
"Assets\Scripts\ScriptableObjectData\Player\Cards\Guarded Advance.asset",".asset","1081","True","6026b04044c04af8ad8bac7c32b278a0"
"Assets\Images\Tiny Swords\Units\Blue Units\Lancer\Lancer Blue Animations\Lancer_Idle_Blue.anim",".anim","3941","False","b73eb4190c7f643f0a9e7e5ebcf394b6"
"Assets\Scripts\GameObjectScripts\GameBoardObjects\MapFog.cs",".cs","1052","True","2d228b4d8d4182c4fb248a82b0a8357d"
"Assets\Images\Tiny Swords\Units\Blue Units\Lancer\Lancer_Idle.png",".png","13286","False","2307ce0d618cb4ea2be2cb2a4148cbde"
"Assets\Terrain Tile Hex Samples\Example Scene\Example Tiles\plains_castle00.asset",".asset","778","False","1e8636c58adbad7449a8d41b6a74989f"
"Assets\Terrain Tile Hex Samples\Example Scene\Example Hexes\hexPlains01.asset",".asset","774","False","8b8d16e7fe76a8a4886f1723d3c3c51f"
"Assets\Scripts\GameObjectScripts\PlayerScripts\CardVisuals.cs",".cs","1779","True","dd4a5422b68d2b945b3685a5290041f7"
"Assets\Scripts\GameObjectScripts\PlaceUI\PlaceFan.cs",".cs","4734","True","84bba475d7a44f449bb3c2c2686407f5"
"Assets\Images\Tiny Swords\Units\Black Units\Monk\Monk Black Animations\Monk_Run_Black.anim",".anim","2393","False","f5799b2fcee5a40fdaf130ca1b82be20"
"Assets\TextMesh Pro\Resources\Sprite Assets\scroll.asset",".asset","2679","True","322ffb1601836d34ebc6d33001fbb9a1"
"Assets\Scripts\GameObjectScripts\TownMenuScripts\HealButton.cs",".cs","1863","True","6bd3fae704b6575409e5da421bfb80a1"
"Assets\Images\Tiny Swords\Units\Black Units\Monk\Monk Black Animations\Monk_Black.controller",".controller","3629","False","7e606214963c74e2abeac068dfaea9ba"
"Assets\Scripts\GameScriptableObjectTypes\SkillPoolSO.cs",".cs","575","True","2ec387ef9b442d74584524ca7cde7fc0"
"Assets\Prefabs\GameTokens\CrystalHotSpotToken.prefab",".prefab","3359","True","5aa644b767b187d42a9aedaf2af9aeb1"
"Assets\Scripts\GameObjectScripts\GameBoardObjects\PlaceTokenBase.cs",".cs","4145","True","ec0831cff70deed459034328b9df48b3"
"Assets\Images\Simple Fantasy GUI\PNG\Inventory\Close_Icon.png",".png","2110","True","91b7e74335f44c44c8dba8435bf6c3ab"
"Assets\Images\Fantasy Wooden GUI  Free\normal_ui_set A\TextBTN_Big Disable.png",".png","942","True","e96a2a01390018541aeef1211cf41bfb"
"Assets\Images\Flat 2D Weapons\Art\PNG\4. Sword\128\2. Shadow.png",".png","1037","False","7c45b7552abdd2142a19e9ca345b6d42"
"Assets\Prefabs\Menu\LogEntry.prefab",".prefab","4039","True","1d2f3773f4940054292a6972bf5be029"
"Assets\Images\Fantasy Wooden GUI  Free\normal_ui_set A\TextBTN_New-Start.png",".png","18670","False","ca45d178d188e034aa96a68aceeef41b"
"Assets\Animations\SiegeMotion.anim",".anim","5710","True","d8482756ae9e06b4b8f13292c4e421e4"
"Assets\Tests\EditMode\PlaceRulesTests.cs",".cs","1581","True","cd0e64d1073d9a9499dbd36bee4bf9af"
"Assets\Scripts\Tutorial\Rail\move.asset",".asset","759","True","8a62777b1a9424643845555821771158"
"Assets\Animations\ScrollOpens.anim",".anim","14342","True","41316d6dc97ccb145b30287e04753019"
"Assets\Scripts\GameScriptableObjectTypes\TownsSO.cs",".cs","1099","True","d54134baae668b8449dcad6f926e2852"
"Assets\Images\StoneUI\OrherUI_4-2K\slider.png",".png","842362","True","fd0b7189c26761e4c833b6c9734d6cd4"
"Assets\Images\Tiny Swords\Units\Purple Units\Archer\Archer_Run.png",".png","5334","False","2b767ed1c68e84da88b60934ba086f98"
"Assets\Scripts\ScriptableObjectData\Non-Player\Enemies\UndeadSoldier.asset",".asset","734","True","5629c37b02842f647b279b54e0797c1d"
"Assets\Images\Tiny Swords\Units\Yellow Units\Archer\Archer_Shoot.png",".png","11996","False","0836c8162c7cd430691bd43f0caeb1c9"
"Assets\Images\Flat 2D Weapons\Art\PNG\4. Sword\512\1. Sword.png",".png","20171","True","b80185086f30452468632bd1df9c34b1"
"Assets\Scripts\CardPlay\EnemyCombatant.cs",".cs","909","True","324937a8db893e643a1b934a458f7efb"
"Assets\Images\Tiny Swords\Units\Red Units\Warrior\Warrior_Guard.png",".png","7408","False","aa9b39b5611354edca43d20b0cfa66f4"
"Assets\Tests\EditMode\EnemyTraitCounterattackTests.cs",".cs","5605","True","b7de5734c240ff949b880a494805d53d"
"Assets\Images\Flat 2D Weapons\Art\PNG\6. Knife\512\1. Knife.png",".png","17025","False","9387fbd21bbc6054e9f4a30a94e442df"
"Assets\Scripts\Enums\Enums\UnitEffect.cs",".cs","274","True","9e5e4a8aaaf8df6409b18650da227c11"
"Assets\Images\StoneUI\OtherUI_2-1K\slider.png",".png","292738","True","f099c1d3323a34f45b93088206fb7171"
"Assets\Scripts\GameObjectScripts\Leveling\LevelUpModal.cs",".cs","1016","True","69af6886aecc6564b92747a50436ca95"
"Assets\Tests\EditMode\CardListPlanTests.cs",".cs","1692","True","60648424ddace5b42a65753535a6ad1d"
"Assets\Scripts\GameEvents\Events\ToggleEvents\OnToggle_SetInfluenceListenerCommand.asset",".asset","425","False","f1b08ac50d4e7b5469460531ac42913f"
"Assets\Images\Tiny Swords\Units\Yellow Units\Warrior\Warrior_Idle.png",".png","9828","False","639a4e0b939ac41caa76f0c03204883c"
"Assets\Images\Flat 2D Weapons\Art\PNG\7. Knives\256\1. Knives.png",".png","17665","False","c8f8259519568e243979b9b1b6b6533b"
"Assets\Plugins\Demigiant\DOTween\Modules\DOTweenModulePhysics.cs",".cs","13987","True","dae9aa560b4242648a3affa2bfabc365"
"Assets\Images\RPG_inventory_icons\boots.png",".png","63077","False","e420c5bc93cb2604695a893500c897e3"
"Assets\Tests\EditMode\EnemyTraitHookTests.cs",".cs","1847","True","22379399601943d40acb06002b828f91"
"Assets\TileMap\hexForestPineSnowCovered00.asset",".asset","789","False","3d01ad9127a2c5641b2cfd23108a98ff"
"Assets\Images\RPG_inventory_icons\cloaks.PNG",".png","57254","False","6fc27c9d7fc2d9448af6851bf935e6d2"
"Assets\Tests\EditMode\HandNavRulesTests.cs",".cs","2066","True","2419b20ff9221bf48ad4b45e958cfae2"
"Assets\Images\Simple Fantasy GUI\PNG\Character Bar\HealthMana_Cover.png",".png","878","True","0d17ab7bbdf3dc544b7e132df546fa81"
"Assets\Images\Flat 2D Weapons\Art\PNG\1. Collection\256\5. Sword.png",".png","9849","False","3077016ba84f1454db03a42149d95696"
"Assets\Scripts\GameScriptableObjectTypes\CharacterSO.cs",".cs","3270","True","e81f279c6c54fd442b20939fb0ec5570"
"Assets\Terrain Tile Hex Samples\Tile Samples\plains_castle00.png",".png","154261","False","97c990d13571d614c9f638ee4e0a3473"
"Assets\Tests\EditMode\WoundPlacementRulesTests.cs",".cs","1221","True","2a395d7a71297fe4cb2ad3ff9e29a839"
"Assets\Scripts\GameObjectScripts\PlayerScripts\DoomMeter.cs",".cs","572","True","f094ee653fef02c44b7f986f47065bd2"
"Assets\Prefabs\TownCard.prefab",".prefab","29705","True","ec1db0102e6b4c043a91b2505d50aebe"
"Assets\Scripts\Tutorial\HelpEntrySO.cs",".cs","476","True","3031d9ea30ed3f84a81e132bf7dee31c"
"Assets\Scripts\Managers\Commands\UnitCommand.cs",".cs","1066","True","31c338923400e8d4086fd863351b46df"
"Assets\Scripts\ScriptableObjectData\Player\Rewards\Units\OgreBrute.asset",".asset","725","True","7cfdb099477ce6e45933c02491282419"
"Assets\Images\Tiny Swords\Units\Red Units\Lancer\Lancer Red Animations\Lancer_Red.controller",".controller","10961","False","c0adc132f8afd46f6bb864d14269d701"
"Assets\Images\Simple Fantasy GUI\PNG\Character Panel\Minus_Icon.png",".png","729","False","47e51aa03c8cd16448f9cba068b87887"
"Assets\Scripts\Tutorial\Help\card-inspector.asset",".asset","719","True","50f2df8708d44e80abd465dc16984eca"
"Assets\Scripts\SaveData\Tests\SaveMigratorV11Tests.cs",".cs","854","True","1f9faf3f67bbd7341a148260977c83a3"
"Assets\Scripts\GameEvents\Events\Card Events\OnUndo_RegenCrystal.asset",".asset","408","True","bd821ca14bf5a7347a223d4ff9ae05e3"
"Assets\Images\Simple Fantasy GUI\PNG\Quest Panel\Crystal_Icon.png",".png","12240","False","bebdcb1b1d4112d49bb5e505c72918c6"
"Assets\Scripts\ScriptableObjectData\Player\StartingCards\Crystallization.asset",".asset","1040","True","4e6b8178900aa454596e2bfa9fa43503"
"Assets\Shaders\EnemyCardDissolve.shader",".shader","5518","True","df788aca3eb61764a9ca709d673c2ffa"
"Assets\Images\Tiny Swords\Buildings\Purple Buildings\Castle.png",".png","17023","False","03b438cc1edb849a7978ee3571c43887"
"Assets\Images\Tiny Swords\Units\Red Units\Lancer\Lancer Red Animations\Lancer_Idle_Red.anim",".anim","3940","False","a8cf9ac375af148eab52c98480fe2abc"
"Assets\Scripts\Tutorial\Rail\send-off.asset",".asset","577","True","4ed3de1fa3383ff489a58ea81db29afd"
"Assets\Images\Tiny Swords\Units\Yellow Units\Lancer\Lancer Yellow Animations\Lancer_Idle_Yellow.anim",".anim","3943","False","0764c6793a65b4a7daa92960ff2a1ee0"
"Assets\Scripts\ScriptableObjectData\Non-Player\Enemies\CorruptTreekin.asset",".asset","752","True","50d37205264f1b54693753f32dde8ef1"
"Assets\Images\IconArt\Demo\SKILL SET DEMO.unity",".unity","50957","False","24095577c53a9144db888b75f7b548f3"
"Assets\Scripts\GameObjectScripts\ShrineMenuScripts\ShrinePanel.cs",".cs","7231","True","c8a0e84c1fd824b4bbe0177bccc0d4c1"
"Assets\Images\Tiny Swords\Units\Red Units\Lancer\Lancer_Down_Defence.png",".png","7287","False","a6f6cac4d4cda4b69bc38227e338850b"
"Assets\Scripts\MapMode\Tests\ArchonsRise.MapMode.Tests.asmdef",".asmdef","543","True","94bc3ae37aeb5d94aa87bbb68604cd99"
"Assets\Images\Tiny Swords\Units\Yellow Units\Monk\Monk Yellow Animations\Monk_Yellow.controller",".controller","3646","False","96c592f8a437543f4ad9a10ec628d1b5"
"Assets\Images\Tiny Swords\Units\Black Units\Warrior\Warrior_Guard.png",".png","7359","False","cbf102d5a4ce248988ccf3b53090d379"
"Assets\Images\IconArt\UI Assets\Ability_Skill_Icons\UI_Skill_Icon_Claw.png",".png","76592","False","0389074d1deba1c448d45812db40c0df"
"Assets\Images\Simple Fantasy GUI\PNG\Menu Panel\Menu_Box.png",".png","22113","True","5b0afe43a1982124fb85c8003a2dea2b"
"Assets\Images\Hero Knight - Pixel Art\Sprites\SlideDust.png",".png","239","False","7fb51a422c4a36e40b71b06331a74b11"
"Assets\Plugins\Demigiant\DOTween\DOTween.dll.mdb",".mdb","66532","False","4f007001a22b3d24dae350342c4d19c8"
"Assets\Images\Tiny Swords\Units\Blue Units\Archer\Archer Blue Animations\Archer_Shoot_Blue.anim",".anim","3170","False","6d0830ce4588d4986b1a89b67f3c9f10"
"Assets\Images\Flat 2D Weapons\Art\PNG\4. Sword\512\2. Shadow.png",".png","4442","False","740ba7ecd8c5c724d89e9ae70073a69e"
"Assets\Materials\EnemyCardDissolveMat.mat",".mat","1605","True","d6abb70956b20f346b2cf9c19a8bc2ec"
"Assets\Scripts\Hand\HandNavRules.cs",".cs","1888","True","a666c3742c94adc40ad2d92ff2719cf4"
"Assets\Scripts\GameEvents\UnityEvents\UnityPlayerHandEvent.cs",".cs","197","True","0e12b2cba73b5cc4a8e5fcce86cd46d4"
"Assets\Images\Flat 2D Weapons\Art\PNG\6. Knife\128\2. Shadow.png",".png","1012","False","6b7bb5f0a728e914c8de4c85c7554b13"
"Assets\Images\Tiny Swords\Units\Black Units\Lancer\Lancer_Right_Attack.png",".png","4757","False","421a8e91dc8d1429a8edbfeb55e5d4db"
"Assets\TileMap\hexDesertYellowCactiForest00.asset",".asset","791","False","64ae8b5acac1ee14e811b0ec2213e180"
"Assets\Terrain Tile Hex Samples\Example Scene\Example Hexes\hexUnderDirt00.asset",".asset","777","False","a121856c503759e41befa6bba03f0b81"
"Assets\Images\Hero Knight - Pixel Art\Sprites\Background.png",".png","83","False","33dccf83b7f7f294992c97ebe1990464"
"Assets\Tests\EditMode\EnemyTraitAuraTests.cs",".cs","2224","True","38abb4d8ab465994b90e2c48acbe4059"
"Assets\Scripts\GameObjectScripts\CardMenuScripts\CardMenuCanvas.cs",".cs","571","True","569c4db393ade68419f52378bed33b1b"
"Assets\Scripts\GameEvents\UnityEvents\UnityEnemyCardEvent.cs",".cs","195","True","db3a185552de14b41b3530265978d026"
"Assets\Images\Tiny Swords\Units\Red Units\Lancer\Lancer_Up_Defence.png",".png","6997","False","cc6ac44d662c043f8b63ec69f60f20d6"
"Assets\Images\Flat 2D Weapons\Art\PNG\1. Collection\256\8. Knives.png",".png","17667","False","11e3130503b18034cac8fdece716b794"
"Assets\Terrain Tile Hex Samples\Hex Samples\hexPlains00.png",".png","96886","True","d8e85e6c9f928394193f3c3839cfd465"
"Assets\Images\Flat 2D Weapons\Art\PNG\8. Coin\256\1. Coin.png",".png","10408","True","e2d412be278f96f448195f88b1bffa8c"
"Assets\Scripts\ScriptableObjectData\Non-Player\Map\CelestialGate.asset",".asset","744","True","ddba9d8c7001415469f54629580c05eb"
"Assets\Scripts\GameEvents\Listener\EmpowerColorListener.cs",".cs","201","True","f2f9b7d76c9282f4dad170844805969b"
"Assets\Scripts\Places\ArchonsRise.Places.asmdef",".asmdef","400","True","c3145bbf5465a154f92c667f440b65ea"
"Assets\Scripts\Leveling\ArmyRules.cs",".cs","425","True","a1f18b61498ffcf49ae0d475a358afae"
"Assets\Scripts\GameObjectScripts\DungeonMenuScripts\DungeonPanel.cs",".cs","5072","True","a274e3a30a0b2d14e8a8926e427f8ef5"
"Assets\Scripts\GameObjectScripts\CardMenuScripts\Sections\ImprovisePanel.cs",".cs","2079","True","3d6f5ebe05ea85041a7bca4f326031a2"
"Assets\Tests\EditMode\DungeonRulesTests.cs",".cs","2524","True","77f9bee2a30d1f34cba72a730d9d5343"
"Assets\Scripts\ScriptableObjectData\Non-Player\Enemies\DungeonEnemies\Elemental.asset",".asset","705","True","9abcb77e941bd0d48bf0c36cccaef4c8"
"Assets\Scripts\SaveData\Tests\SaveMigratorV10Tests.cs",".cs","1219","True","10ba37e71294f354cb67186bc41cda81"
"Assets\TileMap\hexPlainsCastle00.asset",".asset","780","False","e85f12510d38e754985d7fc3d16eee98"
"Assets\Images\Tiny Swords\Units\Red Units\Archer\Archer Animations Red\Archer_Idle_Red.anim",".anim","2782","False","98336226cc8844366a0b5597a82db25d"
"Assets\Images\Hero Knight - Pixel Art\Animations\HeroKnight_LedgeGrab.anim",".anim","1906","False","9a881475a8d1d654a9e5197691aada5d"
"Assets\Images\Tiny Swords\Units\Purple Units\Warrior\Warrior_Attack2.png",".png","8972","False","9ffe9610632af4403b873bf67762494c"
"Assets\Scripts\GameEvents\Events\Enemy Events\OnDefeat_WoundPlayer.asset",".asset","409","True","1f98a2d9963d87440a1598bd39b42942"
"Assets\Images\Simple Fantasy GUI\PNG\Inventory\InventoryDemo.png",".png","56415","False","db7440f3047d8254a9e4c31d20b8c489"
"Assets\Terrain Tile Hex Samples\Example Scene\Example Tiles\FreeSamplesTiles.prefab",".prefab","10269","False","e9919f512d234e2438c7f57784d606fa"
"Assets\Images\Hero Knight - Pixel Art\Animations\HeroKnight_Block.anim",".anim","1902","False","8343e24825085354186de10f6f858f08"
"Assets\Images\Hero Knight - Pixel Art\ColorSwap\ColorSwap_HeroKnight.cs",".cs","3813","True","4e3fab4f60695b14c9a85e1b2c51ecaf"
"Assets\Terrain Tile Hex Samples\Example Scene\Example Hexes\HighlightHex.asset",".asset","819","True","43989e999d532cc47b9dea10dc955aea"
"Assets\Scripts\TilemapScripts\HexRuleTile.cs",".cs","325","True","696e136b9d580154091358005db6ba2a"
"Assets\Scripts\SaveData\Tests\MapDeltaTests.cs",".cs","845","True","d804baa3a28aa9d40b93a12ea5403a7f"
"Assets\Scripts\GameEvents\Events\PlayerEvents\onEnemyDefeat_CheckPlayerForWound.asset",".asset","422","True","20914f240692df845b8df52dc33c180d"
"Assets\Images\Flat 2D Weapons\Art\PNG\7. Knives\256\2. Shadow.png",".png","4292","False","c5ebdfee387a17d4c8fd4d767a11b700"
"Assets\Tests\EditMode\DefeatFxMathTests.cs",".cs","1226","True","fdab1893675c908459b692d480076e3e"
"Assets\Prefabs\Grid.prefab",".prefab","4361","False","06b3aa006f7676849a5723ddf9701f9a"
"Assets\Scripts\CardList\CardListHoverMath.cs",".cs","498","True","73f3c11b671290e43986de71d85610c5"
"Assets\Scripts\GameEvents\UnityEvents\UnitySOEvent.cs",".cs","209","True","2fc0f44733e6c9545ac8a142d719e322"
"Assets\Scripts\GameEvents\UnityEvents\UnityTownEvent.cs",".cs","190","True","ba041e37b5a41e74ebc5812420fa17ea"
"Assets\Tests\EditMode\EnemyTraitValueTests.cs",".cs","4363","True","c6f7fda94217edd40a26da6684bb3908"
"Assets\Images\Images\_24_text-frame-png_frames-transparent-images-pluspng-decorative-text-box-png-600x369-png-download-pngkit.png",".png","72435","False","d8692b4fee6b14544be67a61876bc9ab"
"Assets\Images\Tiny Swords\Units\Purple Units\Monk\Monk Purple Animations\Monk_Heal_Purple.anim",".anim","3746","False","5c10b983d7e53434a84929418b426cb8"
"Assets\Scripts\ScriptableObjectData\GameData\RewardTuning.asset",".asset","2544","True","693935b9fde89f641971f9e4188bb2a2"
"Assets\Images\Hero Knight - Pixel Art\Demo\Sensor_HeroKnight.cs",".cs","718","True","2f2a8bdc7f41b704693ad497097f30dc"
"Assets\Images\Tiny Swords\Units\Red Units\Warrior\Warrior_Idle.png",".png","9832","False","f9330e5de94a14c6ba6583d83d65ef08"
"Assets\Images\Tiny Swords\Units\Black Units\Lancer\Lancer_Down_Attack.png",".png","6037","False","43f1f687ee8bb4662b26a0cbedc27b79"
"Assets\Scripts\GameEvents\UnityEvents\UnityToggleEvent.cs",".cs","212","True","deb690f1612f4b749bce5447c510c1af"
"Assets\Scripts\Tutorial\TutorialOneShotSO.cs",".cs","766","True","a634fb431100c52409a8988da82e5155"
"Assets\Scripts\GameEvents\Events\ToggleEvents\OnToggle_SetImprovButtonsOnOff.asset",".asset","419","False","37bf63a84c676eb489460bfcdbb742a6"
"Assets\Scripts\ScriptableObjectData\Player\Cards\Ambush.asset",".asset","1052","True","fc9bc6d5c1c1493680a53217db38434e"
"Assets\Images\Hero Knight - Pixel Art\ColorSwap\Sprites-ColorSwap.shader",".shader","1916","False","ff27de3736188824d8e9b88d4ad98f58"
"Assets\Images\IconArt\UI Assets\Ability_Skill_Icons\UI_Skill_Icon_Arrow_Barrage.png",".png","95550","False","125bb49b217257347be09ede099b888d"
"Assets\Scripts\GameEvents\UnityEvents\UnityUnitEvent.cs",".cs","185","True","fc17cffef2c47cf479e24be6064149b6"
"Assets\Scripts\GameEvents\EventTypes\EventTypes\VoidEvent.cs",".cs","269","True","8cc57e7e81f7bd74ba687dcaa8180216"
"Assets\Images\Simple Fantasy GUI\PNG\Inventory\Inventory_Slots.png",".png","21823","False","ea19e8ef39d89f648a757b47c87f2365"
"Assets\Images\Simple Fantasy GUI\PNG\Character Panel\Stats_Box.png",".png","4745","False","fb2797aeae325e14abeff8973023ab45"
"Assets\Images\Tiny Swords\Units\Purple Units\Lancer\Lancer Purple Animations\Lancer_ Up_Attack_Purple.anim",".anim","2212","False","bdf90d6089b6a42aa95e6d598ba989a2"
"Assets\Scripts\GameScriptableObjectTypes\EnemiesSO.cs",".cs","1727","True","8d1b2ea550f080147a7e32918142ea1b"
"Assets\Images\500FreeSkillIcons\Icons\traitToxic.png",".png","348941","True","cdba1506788764c4d81ac7b4d8b585b1"
"Assets\Terrain Tile Hex Samples\Example Scene\Example Tiles\below_water00.asset",".asset","776","False","dc135682be138ef49805e6f8615cfa6a"
"Assets\Scripts\Places\PlaceActionRules.cs",".cs","4207","True","233a5d9275ce79543b9fcf46ff1f0617"
"Assets\Scripts\TilemapScripts\CrystalHotspotRuleTile.cs",".cs","197","True","da50400b1df96654f82d48b69e3a5798"
"Assets\Scripts\Enums\Enums\EnemyTrait.cs",".cs","571","True","7940aedfdd82c674a9a31986ea856c07"
"Assets\Images\RPG_inventory_icons\scroll.png",".png","69395","True","db427fab3e94daf4caa704d9314a77a1"
"Assets\Scripts\GameEvents\EventTypes\EventTypes\PlayerDeckEvent.cs",".cs","247","True","6743e157433d5924cafe64e3febe674e"
"Assets\Images\500FreeSkillIcons\Icons\guardian.png",".png","395099","True","c0723897e6831c74082096657bcb2f01"
"Assets\Scenes\GameBoard.unity",".unity","4012148","True","2cda990e2423bbf4892e6590ba056729"
"Assets\Images\Tiny Swords\Units\Yellow Units\Lancer\Lancer_Up_Attack.png",".png","5173","False","e4b6bc6b5a239498c8a9dc63c124cf2c"
"Assets\Images\Tiny Swords\Units\Red Units\Lancer\Lancer Red Animations\Lancer_ Right_Attack_Red.anim",".anim","2210","False","2fb29eaefbd024bd2b8b0f3ae0941375"
"Assets\Images\Tiny Swords\Units\Blue Units\Lancer\Lancer Blue Animations\Lancer_ DownRight_Defence_Blue.anim",".anim","2799","False","34e4a591526b94978bca2e6502fc11a5"
"Assets\Scripts\GameEvents\Events\UnitEvents\onClick_PerformUnitAction.asset",".asset","414","True","0c5a7b5db684dd4448c27f37a8c5f6d0"
"Assets\Images\IconArt\UI Assets\Ability_Skill_Icons\UI_Skill_Icon_Beam.png",".png","90830","False","b450d0b398880cb458f83d1a01b399ca"
"Assets\Scripts\GameEvents\EventTypes\BaseCode\Void.cs",".cs","128","True","d320d06a4a2643f42aed1df12d2fcff3"
"Assets\Scripts\GameEvents\Events\onCrystalButtonClick_CreateCrystalOfColor.asset",".asset","430","True","225f4afeadda4184ba67f38a3912c694"
"Assets\Plugins\Demigiant\DOTween\Editor\Imgs\Footer_dark.png",".png","4429","False","519694efe2bb2914788b151fbd8c01f4"
"Assets\Images\Hero Knight - Pixel Art\Demo\BlockFlash.prefab",".prefab","3388","False","803b96fa8ebd5a749bdf32bd0e553139"
"Assets\TextMesh Pro\Resources\Sprite Assets\toughness.asset",".asset","2814","True","fb4d26514ccd83044946450566f58849"
"Assets\Images\Tiny Swords\Units\Blue Units\Lancer\Lancer_DownRight_Defence.png",".png","8661","False","5650af2e998fc47d9a40119b6eef4008"
"Assets\Images\Flat 2D Weapons\Art\PNG\2. Card\512\1. Card.png",".png","19569","False","faed1c505d01ca042ab2b675c64e75e9"
"Assets\Images\Tiny Swords\Units\Purple Units\Lancer\Lancer Purple Animations\Lancer_ Run_Purple.anim",".anim","2787","False","07fa1bd43c1c04258b6bf9a80770fec3"
"Assets\Images\Tiny Swords\Units\Black Units\Lancer\Lancer_Down_Defence.png",".png","7215","False","beb0cc41ed2614f40b52dc3c616c7a21"
"Assets\Scripts\GameObjectScripts\PlayerScripts\Unit.cs",".cs","1638","True","352861cd2d779cc48b823aa20264c87f"
"Assets\Images\Tiny Swords\Units\Purple Units\Lancer\Lancer_Up_Defence.png",".png","6976","False","a4cde0ee21a0346b0a202ac4cd4be3cd"
"Assets\Scripts\GameObjectScripts\GameBoardObjects\EnemyToken.cs",".cs","5987","True","5c56410038d9a204c9243033e60a9f36"
"Assets\Animations\AttackIcon.controller",".controller","4199","True","65e320096e6a3474eada9241c893a5e9"
"Assets\Scripts\ScriptableObjectData\Player\Cards\Shield Bash.asset",".asset","1100","True","291db57f64c66dc4db48aa611a5b0326"
"Assets\Images\Flat 2D Weapons\Art\PNG\1. Collection\512\8. Knives.png",".png","38853","False","9c88933f0158eb343adffe3774ae342b"
"Assets\Tests\EditMode\InspectorNavRulesTests.cs",".cs","4795","True","ac5f555ba143c0a468211c077cd5b957"
"Assets\Images\Tiny Swords\Units\Purple Units\Monk\Run.png",".png","5576","False","9fb9b70812d8045d8932f71ce624ca4c"
"Assets\Prefabs\Crystal Prefabs\RedCrystal.prefab",".prefab","3635","True","4a1ce5986b4e0d141b28df4c00dc5654"
"Assets\Scripts\Enums\ArchonsRise.Enums.asmdef",".asmdef","206","True","6cfb05aefc506674d81b91e6a355797c"
"Assets\Images\Tiny Swords\Units\Blue Units\Lancer\Lancer Blue Animations\Lancer_ Right_Attack_Blue.anim",".anim","2211","False","e7528389c3a874d458fd35334f059188"
"Assets\Scripts\ScriptableObjectData\Player\Rewards\Units\Knight.asset",".asset","717","True","35c0f88038060c945ac7a7a5c09873ea"
"Assets\Images\Tiny Swords\Units\Purple Units\Monk\Monk Purple Animations\Monk_Idle_Purple.anim",".anim","2783","False","a4a6fcf21c4ea433a815c75d610e9fff"
"Assets\Scripts\Tutorial\ArchonsRise.Tutorial.asmdef",".asmdef","295","True","3125d69f4622336428354b0873354438"
"Assets\Images\Tiny Swords\Units\Purple Units\Warrior\Warrior_Attack1.png",".png","8150","False","30e54dc25fd7244c79ff81208441668e"
"Assets\Scripts\GameEvents\Events\Card Events\OnPlay_SetDefendDataToPlayer.asset",".asset","417","True","b9dfa04f83aba7848ae62695987197f6"
"Assets\Scripts\GameObjectScripts\GameBoardObjects\ExplorationButton.cs",".cs","654","True","7dc5a086aed22264dbcc9cc6cd037b94"
"Assets\Scripts\ScriptableObjectData\Player\Cards\Commune with Spirits.asset",".asset","1040","True","d523a9b6adc27e84bb4e4bdea4c13626"
"Assets\Images\Hero Knight - Pixel Art\ColorSwap\ColorSwap.mat",".mat","2331","False","b58354c186d9bde42ad2a4ab0545dde9"
"Assets\Images\Turbo Disk\Dark Fantasy RPG Icons - Free Basic Pack (25)\Icons\512\hp.png",".png","478442","True","e9681a3a7563fbb4898b6ad361fe1da2"
"Assets\Terrain Tile Hex Samples\Tile Samples\volcanoActive00.png",".png","154870","False","7ae31a8180ce39742905ed117198b940"
"Assets\Prefabs\GridPrefab\Grid.prefab",".prefab","71217","True","f1257ec7de3260e42b380001199990c5"
"Assets\Images\Simple Fantasy GUI\PNG\Loading Bar\Decoration.png",".png","48662","False","bb4c08313ab8d094099ba3912307d052"
"Assets\Images\Flat 2D Weapons\Art\PNG\1. Collection\128\Atlas.png",".png","8219","False","8a8f749eb72bead49886f76178c94875"
"Assets\Images\Tiny Swords\Units\Yellow Units\Lancer\Lancer Yellow Animations\Lancer_Yellow.controller",".controller","11003","False","fc1be43a7385a4b3ab5008defed1e414"
"Assets\Scripts\Input\TestResults_20260707_200903.xml",".xml","86971","False","3da1bca1b4fb92c42b0987f6778955f8"
"Assets\Scripts\GameEvents\Events\PlayerEvents\PlayerIntEvent\onSuccessfulExplore_AdjustPlayersExplore.asset",".asset","429","True","4f8567ae2b081a64486b386e42de91bd"
"Assets\Images\RPG_inventory_icons\gloves.PNG",".png","55527","False","d4f5634edede200468fc1ccf30e6f3a1"
"Assets\Scripts\ScriptableObjectData\Player\Character\WarriorLevelRewards.asset",".asset","2129","True","73e956ec0b8bb34458b83d983e595dde"
"Assets\Images\Tiny Swords\Units\Extra\Arrow\Arrow.png",".png","416","False","c272e6d3dde6e4ad58af98df64cbaf46"
"Assets\Images\Images\Demon.png",".png","2490","True","27a0273ac266a7e4c901194fa1587ab5"
"Assets\Images\Flat 2D Weapons\Art\PNG\8. Coin\512\1. Coin.png",".png","21199","False","9a7f77ff8e29f3d499160f624704db96"
"Assets\Scripts\GameEvents\Events\Card Events\OnPlay_SetAttackDataToPlayer.asset",".asset","417","True","30ed49db8180410418c91c1058e4602a"
"Assets\Tests\EditMode\RefreshRulesTests.cs",".cs","929","True","0dc0eeb6703a0b3459214fd2540bd1df"
"Assets\Images\Tiny Swords\Units\Blue Units\Lancer\Lancer Blue Animations\Lancer_ Down_Defence_Blue.anim",".anim","2794","False","806b837c15d1a4ebb94318a3da7bf2e5"
"Assets\Images\Tiny Swords\Buildings\Blue Buildings\House3.png",".png","4390","False","96ad664d87f2f48b7babf2f621531ae5"
"Assets\TextMesh Pro\Resources\Fonts & Materials\LiberationSans SDF.asset",".asset","2256862","True","8f586378b4e144a9851e7b34d9b748ee"
"Assets\Images\RPG_inventory_icons\army.png",".png","46432","True","fbb59ae0d8ba9dd449443f1bcce27f23"
"Assets\Scripts\ScriptableObjectData\Player\Cards\Teleport.asset",".asset","953","True","5c9cd355c15f4fa296c9d4b0c91f3114"
"Assets\Scripts\GameEvents\Events\Tutorial Events\onWound_NotifyTutorial.asset",".asset","437","True","8c2451f8dc5ad034ea0486c835ad9762"
"Assets\Scripts\GameEvents\Listener\ScriptableObjectListener.cs",".cs","218","True","146e58bcaae2fb54196ab0b6431ad5b1"
"Assets\Images\Tiny Swords\Units\Black Units\Lancer\Lancer Black Animations\Lancer_ Right_Defence_Black.anim",".anim","2800","False","02955a441ad324050ad46085154a3640"
"Assets\TextMesh Pro\Documentation\TextMesh Pro User Guide 2016.pdf",".pdf","694398","False","1b8d251f9af63b746bf2f7ffe00ebb9b"
"Assets\Scripts\GameEvents\EventTypes\EventTypes\PlayerPositionEvent.cs",".cs","261","True","23261baa2bdcadd4cafeef7230a150ab"
"Assets\Images\Tiny Swords\Buildings\Red Buildings\Castle.png",".png","16914","False","ebc3f75c6f0fa49c38b57b0d8b13968e"
"Assets\Images\Fantasy Wooden GUI  Free\normal_ui_set A\notice.png",".png","36636","False","86adaa715d8969e48975ca3343ddaedd"
"Assets\Scripts\SaveData\Tests\SaveMigratorV7Tests.cs",".cs","1238","True","ce3f747baf72eac488d59103db1323eb"
"Assets\Plugins\Demigiant\DOTween\Editor\Imgs\DOTweenMiniIcon.png",".png","319","False","61521df2e071645488ba3d05e49289ae"
"Assets\Images\Simple Fantasy GUI\PNG\Character Panel\Eq_Slot.png",".png","3581","True","03435f376320d0e418058b601acc79fd"
"Assets\Images\Tiny Swords\Units\Black Units\Archer\Archer Black Animations\Archer_Run_Black.anim",".anim","2393","False","d189eccfe71b74e92a12011947d98dc3"
"Assets\Prefabs\Crystal Prefabs\PurpleCrystal.prefab",".prefab","3640","True","ae05c944e23826d49ba2b4e5f4def185"
"Assets\Prefabs\Menu\Toast.prefab",".prefab","7925","True","2b9c5cc2a6654644aa0aeeec8c3e3895"
"Assets\Scripts\GameEvents\Events\Rewards\OnNewCardReward_OpenRewardScreen.asset",".asset","421","False","c441bd9b0b885984abb8e005fc7b2f73"
"Assets\Scripts\ScriptableObjectData\Player\Cards\Breach.asset",".asset","998","True","93b1634c88144c2da4e8f9ceb09ab2da"
"Assets\Scripts\ScriptableObjectData\Player\StartingCards\Wound.asset",".asset","773","True","d5f25e7d8e0b98f4695b5390c274f23d"
"Assets\Images\RPG_inventory_icons\f.PNG",".png","87238","False","ed1074391f139544d941ae0870937dc0"
"Assets\Scripts\GameEvents\EventTypes\EventTypes\UnitEvent.cs",".cs","221","True","6c72c384aa03fc440bdf6ccfc0c7c96d"
"Assets\Images\Tiny Swords\Units\Blue Units\Warrior\Warrior Blue Animations\Warrior_Run_Blue.anim",".anim","2783","False","0f88fb16a436e422a8834e08f902bb13"
"Assets\Terrain Tile Hex Samples\Example Scene\Example Hexes\hexDesertYellowCactiForest00.asset",".asset","791","False","b62249a4f94a80b4f8b4294c2e096f36"
"Assets\Images\Tiny Swords\Units\Red Units\Monk\Monk Red Animations\Monk_Heal_Red.anim",".anim","3743","False","dd9960f67fe5d4bc3a41e70f6e22e7f5"
"Assets\TextMesh Pro\Shaders\TMPro_Surface.cginc",".cginc","3515","False","d930090c0cd643c7b55f19a38538c162"
"Assets\Images\Flat 2D Weapons\Art\PNG\1. Collection\256\11. Knife Shadow.png",".png","2045","False","91790524146435445847543985f17978"
"Assets\Terrain Tile Hex Samples\Example Scene\Example Hexes\HexSpriteAtlas.spriteatlas",".spriteatlas","3726","False","2a136d49e6db45a47841f5c722ef9e6f"
"Assets\Images\Tiny Swords\Units\Purple Units\Lancer\Lancer Purple Animations\Lancer_ DownRight_Attack_Purple.anim",".anim","2219","False","569dfcc5729254dfdb84bee9933121a9"
"Assets\Tests\EditMode\UnitOptionTextTests.cs",".cs","1706","True","4b21b0a8e62fcb543a0ddcb2663cbc42"
"Assets\Images\Tiny Swords\Units\Yellow Units\Archer\Archer Yellow Animations\Archer_Shoot_Yellow.anim",".anim","3172","False","4d912660889ea4448b4e39fc945af631"
"Assets\Scripts\ScriptableObjectData\Non-Player\Enemies\DireBeast.asset",".asset","707","True","7ea7f0d9b1bbfb34b90040a327829972"
"Assets\Images\Hero Knight - Pixel Art\Demo\DestroyEvent_HeroKnight.cs",".cs","347","True","52753f3b24fd0e84d8e6d8c3155daed4"
"Assets\Scripts\Tutorial\Rail\fight-defend.asset",".asset","804","True","fe2bbd1ae2804dd58824f2d41f704986"
"Assets\Scripts\GameObjectScripts\Leveling\SkillChoiceButton.cs",".cs","903","True","e022d642f28b4c94088ff0eeb75bfa4d"
"Assets\Images\Hero Knight - Pixel Art\Animations\HeroKnight_BlockIdle.anim",".anim","2175","False","5b40edfa3ab173045936606cf6d81c11"
"Assets\Scripts\GameObjectScripts\DeckScripts\EndTurnButton.cs",".cs","3870","True","7b2a8caef122a53468391428805d1b2e"
"Assets\Scripts\GameObjectScripts\GameBoardObjects\DungeonDelve.cs",".cs","1190","True","875de79503b3e5243bd16543daad3dc8"
"Assets\Images\Hero Knight - Pixel Art\Animations\HeroKnight_Fall.anim",".anim","1775","False","dd8f4cf2e37ede148ba7ae01f7b60168"
"Assets\Images\Images\Roundup-Playing-Cards-0.jpg",".jpg","738442","True","7c6c068585a77a749b48fbfdd24e37ac"
"Assets\Scripts\GameEvents\EventTypes\EventTypes\GameObjectEvent.cs",".cs","245","True","6258a1b9ed1af0242a52dc2141a4994a"
"Assets\Images\Tiny Swords\Units\Yellow Units\Warrior\Warrior_Attack2.png",".png","8939","False","1e2476e15eea4423dab8d14c8a6d7c19"
"Assets\Images\Flat 2D Weapons\Art\PNG\6. Knife\512\2. Shadow.png",".png","4341","False","61207043c0b0e06418519ad7ae831eda"
"Assets\Scripts\CardPlay\CardSnapshot.cs",".cs","2071","True","60596b90a9e407f4fb577654fa86ba7e"
"Assets\Scripts\ScriptableObjectData\Player\Skills\Tactician.asset",".asset","706","True","d8dd923b9068134438a9cc7e9186972e"
"Assets\Images\Tiny Swords\Units\Black Units\Lancer\Lancer Black Animations\Lancer_ UpRight_Defence_Black.anim",".anim","2798","False","194d806ed05024af28cdeb5d790b2429"
"Assets\Scripts\UiLanguage\DefeatMessage.cs",".cs","707","True","09aa86c975bef594d99b662739910c7f"
"Assets\Scripts\ScriptableObjectData\Player\Rewards\Units\Warrior.asset",".asset","718","True","bb8b162e03165924ca21a5125bc28756"
"Assets\Terrain Tile Hex Samples\Hex Samples\hexUnderOcean00.png",".png","23943","False","388bad2000ecb1c4bb26730cbb94f153"
"Assets\Images\Tiny Swords\Units\Purple Units\Lancer\Lancer Purple Animations\Lancer_ Down_Defence_Purple.anim",".anim","2796","False","6d947c145946048968b17321fe0db3bb"
"Assets\Scripts\Managers\DataManager.cs",".cs","24318","True","0e086bd974343ae499a65b632be34abf"
"Assets\Images\Hero Knight - Pixel Art\Animations\HeroKnight_IdleBlock.anim",".anim","2175","False","e1f22af3d2d63dd4caa8b2d637dbb1a3"
"Assets\Scripts\GameEvents\Events\PlayerEvents\PlayerIntEvent\onSuccessfulInfluence_AdjustPlayerInfluence.asset",".asset","432","True","38450c87471ae8f4184d5c88fa044225"
"Assets\Images\Fantasy Wooden GUI  Free\normal_ui_set A\UI board Medium  parchment.png",".png","57159","False","cf1462bc694c3c249831ad8ac5293aa2"
"Assets\Images\Hero Knight - Pixel Art\Animations\HeroKnight_DeathNoBlood.anim",".anim","2363","False","28a7dd162c70bb044953a047ddabf012"
"Assets\Images\Flat 2D Weapons\Art\PNG\7. Knives\512\1. Knives.png",".png","38860","False","3bc5962b8547e00468216e4b0e4a2b8b"
"Assets\Scripts\TilemapScripts\ForestRuleTile.asset",".asset","985","True","6ea6d77a10a51a24f93aebe7b5cb4087"
"Assets\Scripts\GameEvents\Events\Rewards\OnMenuOpen_GetCardReward.asset",".asset","413","False","dca738322b1b9d04ab88d956301ff9c1"
"Assets\Images\Tiny Swords\Units\Purple Units\Lancer\Lancer_DownRight_Attack.png",".png","6735","False","c75865cc2ce084b93809e07045e5fc53"
"Assets\Scripts\GameObjectScripts\GameBoardObjects\GuardianAssault.cs",".cs","1750","True","7a6fde16e1919404ba9f9c5244b433a8"
"Assets\Images\Images\ogre.png",".png","6236","True","7c4b1cc34bbe54f4db34c22104ae2816"
"Assets\Scripts\ScriptableObjectData\Player\Cards\Siege Ram.asset",".asset","1062","True","9e2e8678ea3b457b804115ef8dd6afd5"
"Assets\Images\Fantasy Wooden GUI  Free\normal_ui_set A\TextBTN_Big.png",".png","7923","True","2be7b70e984b51444aca9c12ae4723a7"
"Assets\URP2D_Renderer.asset",".asset","2097","True","262a1ea2c34042d46b78c37d295b6762"
"Assets\TileMap\hexUnderOcean00.asset",".asset","778","False","916eb3b1950f6594fb22fe33a5debda4"
"Assets\Images\Tiny Swords\Buildings\Black Buildings\House3.png",".png","4418","False","c94d66993de80409fb65b3577475c483"
"Assets\Images\Tiny Swords\Units\Purple Units\Warrior\Warrior Purple Animations\Warrior_Attack2_Purple.anim",".anim","2399","False","d53d1c4b55e10449893db7d54472fe38"
"Assets\Scripts\CardPlay\CombatPhase.cs",".cs","370","True","14a0a342e6f112942ac07f5c4d00877e"
"Assets\Scripts\GameObjectScripts\GameBoardObjects\EnemyTraitBadgeHover.cs",".cs","2753","True","317abd55ba3d1a345a875763192c1263"
"Assets\Scripts\Input\Controls.cs",".cs","60765","True","be794a034553b1042ae9da96cd239e70"
"Assets\Images\Images\yellow_crystal_hex.png",".png","55057","True","60538112cd216034f8e84d18a210a081"
"Assets\Scripts\Places\PlaceActionId.cs",".cs","276","True","01f8fc0aaacd70f489c2557d71c968b0"
"Assets\Scripts\GameEvents\EventTypes\EventTypes\TownEvent.cs",".cs","226","True","4c4561ab2605f3f40880ba1f20dd9ce9"
"Assets\Scripts\GameObjectScripts\GameBoardObjects\IHexOccupant.cs",".cs","709","True","8f3dbf85148b65d4b967929d0c92b43c"
"Assets\Images\Tiny Swords\Units\Blue Units\Lancer\Lancer Blue Animations\Lancer_Blue.controller",".controller","10977","False","fa7ae5cd619544ca4a4ea82a50baa12d"
"Assets\Scripts\GameScriptableObjectTypes\EnemyTraitTuningSO.cs",".cs","679","True","171b23d49db92bf4d9c19b48252a0f0f"
"Assets\TextMesh Pro\Fonts\LiberationSans.ttf",".ttf","350200","True","e3265ab4bf004d28a9537516768c1c75"
"Assets\Images\Tiny Swords\Units\Purple Units\Warrior\Warrior Purple Animations\Warrior_Attack1_Purple.anim",".anim","2401","False","d1720c4a2822c4779b180105bc7a31f7"
"Assets\Tests\EditMode\CardListHoverMathTests.cs",".cs","851","True","d61e9999eaef9d54192a22e28d17470f"
"Assets\Scripts\ScriptableObjectData\Non-Player\Enemies\GryphonRiderEnemy.asset",".asset","809","True","cb1748b6b852ae347bad82411a4af31f"
"Assets\Images\Images\green_crystal_hex.png",".png","53596","True","9e4fd2e991ca66e4b8c59c650f1e48ef"
"Assets\Images\Tiny Swords\Units\Red Units\Lancer\Lancer_Idle.png",".png","13271","False","fba04cf817a7246ec99f9c85cf9ef600"
"Assets\Scripts\GameObjectScripts\DeckScripts\UndoButton.cs",".cs","1786","True","026192e6c3a10cc41afc9541f3f2a90a"
"Assets\Plugins\Demigiant\DOTween\Editor\Imgs\Footer.png",".png","4409","False","7051dba417b3d53409f2918f1ea4938d"
"Assets\Images\Tiny Swords\Units\Yellow Units\Warrior\Warrior_Guard.png",".png","7394","False","5c87cae473436431aa358519284c5f02"
"Assets\Scripts\GameEvents\Events\Tutorial Events\onDeckCannotRefill_NotifyTutorial.asset",".asset","448","True","38a3605f6c7bf664bb9e18cfa7455920"
"Assets\Images\Images\xp.png",".png","92098","True","8237a2fcd33e8f04a9c862de34d95ef6"
"Assets\TextMesh Pro\Resources\Sprite Assets\refresh.asset",".asset","2812","True","2acde10e3e20ca0458b8cd56835b4331"
"Assets\Images\Fantasy Wooden GUI  Free\normal_ui_set A\UI board Small  parchment.png",".png","37879","False","a454050719005b444b59a84eaafba779"
"Assets\Images\Flat 2D Weapons\Art\PNG\2. Card\128\2. Background of Card.png",".png","807","False","f6c3e8fa4a7ea0340b0de9d4ccbe1bbf"
"Assets\Images\Tiny Swords\Units\Yellow Units\Monk\Heal.png",".png","11570","False","9696a4404bda440039614b64f50102a3"
"Assets\TextMesh Pro\Sprites\EmojiOne.png",".png","112319","True","dffef66376be4fa480fb02b19edbe903"
"Assets\Scripts\Rewards\RewardRules.cs",".cs","1594","True","0f570dfd902a89e40a6357b22a5220cf"
"Assets\Images\Tiny Swords\Units\Yellow Units\Lancer\Lancer Yellow Animations\Lancer_ UpRight_Defence_Yellow.anim",".anim","2799","False","544b3d33d08864e7c9302b0a19dcd453"
